[INFO] Scanning for projects...
[INFO] 
[INFO] ----------------------< com.example:trashformer >-----------------------
[INFO] Building trashformer 0.0.1-SNAPSHOT
[INFO]   from pom.xml
[INFO] --------------------------------[ jar ]---------------------------------
[INFO] 
[INFO] >>> spring-boot:3.3.5:run (default-cli) > test-compile @ trashformer >>>
[INFO] 
[INFO] --- resources:3.3.1:resources (default-resources) @ trashformer ---
[INFO] Copying 1 resource from src\main\resources to target\classes
[INFO] Copying 22 resources from src\main\resources to target\classes
[INFO] 
[INFO] --- compiler:3.13.0:compile (default-compile) @ trashformer ---
[INFO] Recompiling the module because of added or removed source files.
[INFO] Compiling 30 source files with javac [debug parameters release 17] to target\classes
[INFO] 
[INFO] --- resources:3.3.1:testResources (default-testResources) @ trashformer ---
[INFO] skip non existing resourceDirectory D:\pboprojek\trashformer\src\test\resources
[INFO] 
[INFO] --- compiler:3.13.0:testCompile (default-testCompile) @ trashformer ---
[INFO] Recompiling the module because of changed dependency.
[INFO] 
[INFO] <<< spring-boot:3.3.5:run (default-cli) < test-compile @ trashformer <<<
[INFO] 
[INFO] 
[INFO] --- spring-boot:3.3.5:run (default-cli) @ trashformer ---
[INFO] Attaching agents: []

  .   ____          _            __ _ _
 /\\ / ___'_ __ _ _(_)_ __  __ _ \ \ \ \
( ( )\___ | '_ | '_| | '_ \/ _` | \ \ \ \
 \\/  ___)| |_)| | | | | || (_| |  ) ) ) )
  '  |____| .__|_| |_|_| |_\__, | / / / /
 =========|_|==============|___/=/_/_/_/

 :: Spring Boot ::                (v3.3.5)

2026-05-30T11:55:29.815+07:00  INFO 20884 --- [trashformer] [  restartedMain] com.example.TrashformerApplication       : Starting TrashformerApplication using Java 25.0.2 with PID 20884 (D:\pboprojek\trashformer\target\classes started by ASUS in D:\pboprojek\trashformer)
2026-05-30T11:55:29.840+07:00  INFO 20884 --- [trashformer] [  restartedMain] com.example.TrashformerApplication       : No active profile set, falling back to 1 default profile: "default"
2026-05-30T11:55:30.242+07:00  INFO 20884 --- [trashformer] [  restartedMain] .e.DevToolsPropertyDefaultsPostProcessor : Devtools property defaults active! Set 'spring.devtools.add-properties' to 'false' to disable
2026-05-30T11:55:30.263+07:00  INFO 20884 --- [trashformer] [  restartedMain] .e.DevToolsPropertyDefaultsPostProcessor : For additional web related logging consider setting the 'logging.level.web' property to 'DEBUG'
2026-05-30T11:55:31.364+07:00  INFO 20884 --- [trashformer] [  restartedMain] .s.d.r.c.RepositoryConfigurationDelegate : Bootstrapping Spring Data JPA repositories in DEFAULT mode.
2026-05-30T11:55:31.568+07:00  INFO 20884 --- [trashformer] [  restartedMain] .s.d.r.c.RepositoryConfigurationDelegate : Finished Spring Data repository scanning in 169 ms. Found 5 JPA repository interfaces.
WARNING: A restricted method in java.lang.System has been called
WARNING: java.lang.System::load has been called by org.apache.tomcat.jni.Library in an unnamed module (file:/C:/Users/ASUS/.m2/repository/org/apache/tomcat/embed/tomcat-embed-core/10.1.31/tomcat-embed-core-10.1.31.jar)
WARNING: Use --enable-native-access=ALL-UNNAMED to avoid a warning for callers in this module
WARNING: Restricted methods will be blocked in a future release unless native access is enabled

2026-05-30T11:55:32.596+07:00  INFO 20884 --- [trashformer] [  restartedMain] o.s.b.w.embedded.tomcat.TomcatWebServer  : Tomcat initialized with port 8080 (http)
2026-05-30T11:55:32.634+07:00  INFO 20884 --- [trashformer] [  restartedMain] o.apache.catalina.core.StandardService   : Starting service [Tomcat]
2026-05-30T11:55:32.635+07:00  INFO 20884 --- [trashformer] [  restartedMain] o.apache.catalina.core.StandardEngine    : Starting Servlet engine: [Apache Tomcat/10.1.31]
2026-05-30T11:55:32.712+07:00  INFO 20884 --- [trashformer] [  restartedMain] o.a.c.c.C.[Tomcat].[localhost].[/]       : Initializing Spring embedded WebApplicationContext
2026-05-30T11:55:32.714+07:00  INFO 20884 --- [trashformer] [  restartedMain] w.s.c.ServletWebServerApplicationContext : Root WebApplicationContext: initialization completed in 2450 ms
2026-05-30T11:55:32.965+07:00  INFO 20884 --- [trashformer] [  restartedMain] o.hibernate.jpa.internal.util.LogHelper  : HHH000204: Processing PersistenceUnitInfo [name: default]
2026-05-30T11:55:33.043+07:00  INFO 20884 --- [trashformer] [  restartedMain] org.hibernate.Version                    : HHH000412: Hibernate ORM core version 6.5.3.Final
2026-05-30T11:55:33.093+07:00  INFO 20884 --- [trashformer] [  restartedMain] o.h.c.internal.RegionFactoryInitiator    : HHH000026: Second-level cache disabled
2026-05-30T11:55:33.726+07:00  INFO 20884 --- [trashformer] [  restartedMain] o.s.o.j.p.SpringPersistenceUnitInfo      : No LoadTimeWeaver setup: ignoring JPA class transformer
2026-05-30T11:55:33.776+07:00  INFO 20884 --- [trashformer] [  restartedMain] com.zaxxer.hikari.HikariDataSource       : HikariPool-1 - Starting...
2026-05-30T11:55:34.098+07:00  INFO 20884 --- [trashformer] [  restartedMain] com.zaxxer.hikari.pool.HikariPool        : HikariPool-1 - Added connection com.mysql.cj.jdbc.ConnectionImpl@3ebc03d
2026-05-30T11:55:34.107+07:00  INFO 20884 --- [trashformer] [  restartedMain] com.zaxxer.hikari.HikariDataSource       : HikariPool-1 - Start completed.
2026-05-30T11:55:34.185+07:00  WARN 20884 --- [trashformer] [  restartedMain] org.hibernate.dialect.Dialect            : HHH000511: The 5.5.5 version for [org.hibernate.dialect.MySQLDialect] is no longer supported, hence certain features may not work properly. The minimum supported version is 8.0.0. Check the community dialects project for available legacy versions.
2026-05-30T11:55:34.198+07:00  WARN 20884 --- [trashformer] [  restartedMain] org.hibernate.orm.deprecation            : HHH90000025: MySQLDialect does not need to be specified explicitly using 'hibernate.dialect' (remove the property setting and it will be selected by default)
2026-05-30T11:55:36.084+07:00  INFO 20884 --- [trashformer] [  restartedMain] o.h.e.t.j.p.i.JtaPlatformInitiator       : HHH000489: No JTA platform available (set 'hibernate.transaction.jta.platform' to enable JTA platform integration)
2026-05-30T11:55:36.253+07:00  INFO 20884 --- [trashformer] [  restartedMain] j.LocalContainerEntityManagerFactoryBean : Initialized JPA EntityManagerFactory for persistence unit 'default'
2026-05-30T11:55:36.834+07:00  INFO 20884 --- [trashformer] [  restartedMain] o.s.d.j.r.query.QueryEnhancerFactory     : Hibernate is in classpath; If applicable, HQL parser will be used.
2026-05-30T11:55:37.822+07:00  WARN 20884 --- [trashformer] [  restartedMain] JpaBaseConfiguration$JpaWebConfiguration : spring.jpa.open-in-view is enabled by default. Therefore, database queries may be performed during view rendering. Explicitly configure spring.jpa.open-in-view to disable this warning
2026-05-30T11:55:37.873+07:00  INFO 20884 --- [trashformer] [  restartedMain] r$InitializeUserDetailsManagerConfigurer : Global AuthenticationManager configured with UserDetailsService bean with name customUserDetailsService
2026-05-30T11:55:38.719+07:00  INFO 20884 --- [trashformer] [  restartedMain] o.s.b.d.a.OptionalLiveReloadServer       : LiveReload server is running on port 35729
2026-05-30T11:55:38.811+07:00  INFO 20884 --- [trashformer] [  restartedMain] o.s.b.w.embedded.tomcat.TomcatWebServer  : Tomcat started on port 8080 (http) with context path '/'
2026-05-30T11:55:38.828+07:00  INFO 20884 --- [trashformer] [  restartedMain] com.example.TrashformerApplication       : Started TrashformerApplication in 9.735 seconds (process running for 10.436)
2026-05-30T12:02:25.218+07:00  INFO 20884 --- [trashformer] [nio-8080-exec-2] o.a.c.c.C.[Tomcat].[localhost].[/]       : Initializing Spring DispatcherServlet 'dispatcherServlet'
2026-05-30T12:02:25.223+07:00  INFO 20884 --- [trashformer] [nio-8080-exec-2] o.s.web.servlet.DispatcherServlet        : Initializing Servlet 'dispatcherServlet'
2026-05-30T12:02:25.226+07:00  INFO 20884 --- [trashformer] [nio-8080-exec-2] o.s.web.servlet.DispatcherServlet        : Completed initialization in 2 ms
Hibernate: select u1_0.id,u1_0.alamat,u1_0.created_at,u1_0.is_active,u1_0.nama,u1_0.no_telepon,u1_0.password,u1_0.role,u1_0.saldo,u1_0.updated_at,u1_0.username from users u1_0 where u1_0.username=?
Hibernate: select u1_0.id,u1_0.alamat,u1_0.created_at,u1_0.is_active,u1_0.nama,u1_0.no_telepon,u1_0.password,u1_0.role,u1_0.saldo,u1_0.updated_at,u1_0.username from users u1_0 where u1_0.username=?
Hibernate: select count(u1_0.id) from users u1_0 where u1_0.role=?
Hibernate: select count(u1_0.id) from users u1_0 where u1_0.role=?
Hibernate: select count(s1_0.id) from setoran s1_0 where s1_0.created_at between ? and ?
Hibernate: select count(s1_0.id) from setoran s1_0 where s1_0.status=?
Hibernate: select count(s1_0.id) from setoran s1_0 where s1_0.status=?
Hibernate: select count(s1_0.id) from setoran s1_0 where s1_0.status=?
Hibernate: select count(s1_0.id) from setoran s1_0 where s1_0.status_pembayaran=?
Hibernate: select coalesce(sum(s1_0.berat_kg),0) from setoran s1_0 where s1_0.status='DITERIMA'
Hibernate: select coalesce(sum(s1_0.jumlah_uang),0) from setoran s1_0 where s1_0.jenis_setoran='UANG' and s1_0.jenis_uang=?
Hibernate: select s1_0.id,s1_0.alamat_jemput,s1_0.berat_kg,s1_0.bukti_pembayaran,s1_0.catatan,s1_0.created_at,s1_0.deskripsi,s1_0.jenis_sampah,s1_0.jenis_setoran,s1_0.jenis_uang,s1_0.jumlah_uang,s1_0.kategori_id,s1_0.petugas_id,s1_0.status,s1_0.status_pembayaran,s1_0.status_penjemputan,s1_0.total_harga,s1_0.updated_at,s1_0.warga_id from setoran s1_0 where s1_0.jenis_setoran=? order by s1_0.created_at desc
Hibernate: select k1_0.nama,coalesce(sum(s1_0.berat_kg),0) from setoran s1_0 join kategori_sampah k1_0 on k1_0.id=s1_0.kategori_id where s1_0.status='DITERIMA' group by k1_0.nama
Hibernate: select month(s1_0.created_at),coalesce(sum(s1_0.berat_kg),0) from setoran s1_0 where year(s1_0.created_at)=? and s1_0.jenis_setoran='SAMPAH' group by month(s1_0.created_at) order by month(s1_0.created_at)
2026-05-30T12:02:41.003+07:00  WARN 20884 --- [trashformer] [nio-8080-exec-7] n.n.u.t.e.ExpressionProcessor            : Fragment expression "layout" is being wrapped as a Thymeleaf 3 fragment expression (~{...}) for backwards compatibility purposes.  This wrapping will be dropped in the next major version of the expression processor, so please rewrite as a Thymeleaf 3 fragment expression to future-proof your code.  See https://github.com/thymeleaf/thymeleaf/issues/451 for more information.
Hibernate: select u1_0.id,u1_0.alamat,u1_0.created_at,u1_0.is_active,u1_0.nama,u1_0.no_telepon,u1_0.password,u1_0.role,u1_0.saldo,u1_0.updated_at,u1_0.username from users u1_0 where u1_0.id=?
Hibernate: select ks1_0.id,ks1_0.created_at,ks1_0.deskripsi,ks1_0.harga_daur_ulang,ks1_0.harga_per_kg,ks1_0.is_daur_ulang,ks1_0.nama from kategori_sampah ks1_0 where ks1_0.id=?
Hibernate: select u1_0.id,u1_0.alamat,u1_0.created_at,u1_0.is_active,u1_0.nama,u1_0.no_telepon,u1_0.password,u1_0.role,u1_0.saldo,u1_0.updated_at,u1_0.username from users u1_0 where u1_0.id=?
Hibernate: select u1_0.id,u1_0.alamat,u1_0.created_at,u1_0.is_active,u1_0.nama,u1_0.no_telepon,u1_0.password,u1_0.role,u1_0.saldo,u1_0.updated_at,u1_0.username from users u1_0 where u1_0.username=?
Hibernate: select s1_0.id,s1_0.alamat_jemput,s1_0.berat_kg,s1_0.bukti_pembayaran,s1_0.catatan,s1_0.created_at,s1_0.deskripsi,s1_0.jenis_sampah,s1_0.jenis_setoran,s1_0.jenis_uang,s1_0.jumlah_uang,s1_0.kategori_id,s1_0.petugas_id,s1_0.status,s1_0.status_pembayaran,s1_0.status_penjemputan,s1_0.total_harga,s1_0.updated_at,s1_0.warga_id from setoran s1_0 where s1_0.jenis_setoran=? order by s1_0.created_at desc
Hibernate: select u1_0.id,u1_0.alamat,u1_0.created_at,u1_0.is_active,u1_0.nama,u1_0.no_telepon,u1_0.password,u1_0.role,u1_0.saldo,u1_0.updated_at,u1_0.username from users u1_0 where u1_0.id=?
Hibernate: select u1_0.id,u1_0.alamat,u1_0.created_at,u1_0.is_active,u1_0.nama,u1_0.no_telepon,u1_0.password,u1_0.role,u1_0.saldo,u1_0.updated_at,u1_0.username from users u1_0 where u1_0.username=?
Hibernate: select count(u1_0.id) from users u1_0 where u1_0.role=?
Hibernate: select count(u1_0.id) from users u1_0 where u1_0.role=?
Hibernate: select count(s1_0.id) from setoran s1_0 where s1_0.created_at between ? and ?
Hibernate: select count(s1_0.id) from setoran s1_0 where s1_0.status=?
Hibernate: select count(s1_0.id) from setoran s1_0 where s1_0.status=?
Hibernate: select count(s1_0.id) from setoran s1_0 where s1_0.status=?
Hibernate: select count(s1_0.id) from setoran s1_0 where s1_0.status_pembayaran=?
Hibernate: select coalesce(sum(s1_0.berat_kg),0) from setoran s1_0 where s1_0.status='DITERIMA'
Hibernate: select coalesce(sum(s1_0.jumlah_uang),0) from setoran s1_0 where s1_0.jenis_setoran='UANG' and s1_0.jenis_uang=?
Hibernate: select s1_0.id,s1_0.alamat_jemput,s1_0.berat_kg,s1_0.bukti_pembayaran,s1_0.catatan,s1_0.created_at,s1_0.deskripsi,s1_0.jenis_sampah,s1_0.jenis_setoran,s1_0.jenis_uang,s1_0.jumlah_uang,s1_0.kategori_id,s1_0.petugas_id,s1_0.status,s1_0.status_pembayaran,s1_0.status_penjemputan,s1_0.total_harga,s1_0.updated_at,s1_0.warga_id from setoran s1_0 where s1_0.jenis_setoran=? order by s1_0.created_at desc
Hibernate: select k1_0.nama,coalesce(sum(s1_0.berat_kg),0) from setoran s1_0 join kategori_sampah k1_0 on k1_0.id=s1_0.kategori_id where s1_0.status='DITERIMA' group by k1_0.nama
Hibernate: select month(s1_0.created_at),coalesce(sum(s1_0.berat_kg),0) from setoran s1_0 where year(s1_0.created_at)=? and s1_0.jenis_setoran='SAMPAH' group by month(s1_0.created_at) order by month(s1_0.created_at)
Hibernate: select u1_0.id,u1_0.alamat,u1_0.created_at,u1_0.is_active,u1_0.nama,u1_0.no_telepon,u1_0.password,u1_0.role,u1_0.saldo,u1_0.updated_at,u1_0.username from users u1_0 where u1_0.id=?
Hibernate: select ks1_0.id,ks1_0.created_at,ks1_0.deskripsi,ks1_0.harga_daur_ulang,ks1_0.harga_per_kg,ks1_0.is_daur_ulang,ks1_0.nama from kategori_sampah ks1_0 where ks1_0.id=?
Hibernate: select u1_0.id,u1_0.alamat,u1_0.created_at,u1_0.is_active,u1_0.nama,u1_0.no_telepon,u1_0.password,u1_0.role,u1_0.saldo,u1_0.updated_at,u1_0.username from users u1_0 where u1_0.id=?
Hibernate: select u1_0.id,u1_0.alamat,u1_0.created_at,u1_0.is_active,u1_0.nama,u1_0.no_telepon,u1_0.password,u1_0.role,u1_0.saldo,u1_0.updated_at,u1_0.username from users u1_0 where u1_0.username=?
Hibernate: select u1_0.id,u1_0.alamat,u1_0.created_at,u1_0.is_active,u1_0.nama,u1_0.no_telepon,u1_0.password,u1_0.role,u1_0.saldo,u1_0.updated_at,u1_0.username from users u1_0
Hibernate: select u1_0.id,u1_0.alamat,u1_0.created_at,u1_0.is_active,u1_0.nama,u1_0.no_telepon,u1_0.password,u1_0.role,u1_0.saldo,u1_0.updated_at,u1_0.username from users u1_0 where u1_0.username=?
Hibernate: select ks1_0.id,ks1_0.created_at,ks1_0.deskripsi,ks1_0.harga_daur_ulang,ks1_0.harga_per_kg,ks1_0.is_daur_ulang,ks1_0.nama from kategori_sampah ks1_0
Hibernate: select u1_0.id,u1_0.alamat,u1_0.created_at,u1_0.is_active,u1_0.nama,u1_0.no_telepon,u1_0.password,u1_0.role,u1_0.saldo,u1_0.updated_at,u1_0.username from users u1_0 where u1_0.username=?
Hibernate: select s1_0.id,s1_0.alamat_jemput,s1_0.berat_kg,s1_0.bukti_pembayaran,s1_0.catatan,s1_0.created_at,s1_0.deskripsi,s1_0.jenis_sampah,s1_0.jenis_setoran,s1_0.jenis_uang,s1_0.jumlah_uang,s1_0.kategori_id,s1_0.petugas_id,s1_0.status,s1_0.status_pembayaran,s1_0.status_penjemputan,s1_0.total_harga,s1_0.updated_at,s1_0.warga_id from setoran s1_0 where s1_0.jenis_setoran=? order by s1_0.created_at desc
Hibernate: select u1_0.id,u1_0.alamat,u1_0.created_at,u1_0.is_active,u1_0.nama,u1_0.no_telepon,u1_0.password,u1_0.role,u1_0.saldo,u1_0.updated_at,u1_0.username from users u1_0 where u1_0.id=?
Hibernate: select u1_0.id,u1_0.alamat,u1_0.created_at,u1_0.is_active,u1_0.nama,u1_0.no_telepon,u1_0.password,u1_0.role,u1_0.saldo,u1_0.updated_at,u1_0.username from users u1_0 where u1_0.username=?
Hibernate: select s1_0.id,s1_0.alamat_jemput,s1_0.berat_kg,s1_0.bukti_pembayaran,s1_0.catatan,s1_0.created_at,s1_0.deskripsi,s1_0.jenis_sampah,s1_0.jenis_setoran,s1_0.jenis_uang,s1_0.jumlah_uang,s1_0.kategori_id,s1_0.petugas_id,s1_0.status,s1_0.status_pembayaran,s1_0.status_penjemputan,s1_0.total_harga,s1_0.updated_at,s1_0.warga_id from setoran s1_0 where s1_0.jenis_setoran=? order by s1_0.created_at desc
Hibernate: select u1_0.id,u1_0.alamat,u1_0.created_at,u1_0.is_active,u1_0.nama,u1_0.no_telepon,u1_0.password,u1_0.role,u1_0.saldo,u1_0.updated_at,u1_0.username from users u1_0 where u1_0.id=?
Hibernate: select ks1_0.id,ks1_0.created_at,ks1_0.deskripsi,ks1_0.harga_daur_ulang,ks1_0.harga_per_kg,ks1_0.is_daur_ulang,ks1_0.nama from kategori_sampah ks1_0 where ks1_0.id=?
Hibernate: select u1_0.id,u1_0.alamat,u1_0.created_at,u1_0.is_active,u1_0.nama,u1_0.no_telepon,u1_0.password,u1_0.role,u1_0.saldo,u1_0.updated_at,u1_0.username from users u1_0 where u1_0.id=?
Hibernate: select u1_0.id,u1_0.alamat,u1_0.created_at,u1_0.is_active,u1_0.nama,u1_0.no_telepon,u1_0.password,u1_0.role,u1_0.saldo,u1_0.updated_at,u1_0.username from users u1_0 where u1_0.id=?
Hibernate: select u1_0.id,u1_0.alamat,u1_0.created_at,u1_0.is_active,u1_0.nama,u1_0.no_telepon,u1_0.password,u1_0.role,u1_0.saldo,u1_0.updated_at,u1_0.username from users u1_0 where u1_0.username=?
Hibernate: select u1_0.id,u1_0.alamat,u1_0.created_at,u1_0.is_active,u1_0.nama,u1_0.no_telepon,u1_0.password,u1_0.role,u1_0.saldo,u1_0.updated_at,u1_0.username from users u1_0 where u1_0.username=?
Hibernate: select u1_0.id,u1_0.alamat,u1_0.created_at,u1_0.is_active,u1_0.nama,u1_0.no_telepon,u1_0.password,u1_0.role,u1_0.saldo,u1_0.updated_at,u1_0.username from users u1_0 where u1_0.username=?
Hibernate: select s1_0.id,s1_0.alamat_jemput,s1_0.berat_kg,s1_0.bukti_pembayaran,s1_0.catatan,s1_0.created_at,s1_0.deskripsi,s1_0.jenis_sampah,s1_0.jenis_setoran,s1_0.jenis_uang,s1_0.jumlah_uang,s1_0.kategori_id,s1_0.petugas_id,s1_0.status,s1_0.status_pembayaran,s1_0.status_penjemputan,s1_0.total_harga,s1_0.updated_at,s1_0.warga_id from setoran s1_0 where s1_0.warga_id=? order by s1_0.created_at desc
Hibernate: select month(s1_0.created_at),coalesce(sum(s1_0.berat_kg),0) from setoran s1_0 where s1_0.warga_id=? and year(s1_0.created_at)=? and s1_0.jenis_setoran='SAMPAH' group by month(s1_0.created_at) order by month(s1_0.created_at)
Hibernate: select ks1_0.id,ks1_0.created_at,ks1_0.deskripsi,ks1_0.harga_daur_ulang,ks1_0.harga_per_kg,ks1_0.is_daur_ulang,ks1_0.nama from kategori_sampah ks1_0 where ks1_0.id=?
Hibernate: select u1_0.id,u1_0.alamat,u1_0.created_at,u1_0.is_active,u1_0.nama,u1_0.no_telepon,u1_0.password,u1_0.role,u1_0.saldo,u1_0.updated_at,u1_0.username from users u1_0 where u1_0.username=?
Hibernate: select u1_0.id,u1_0.alamat,u1_0.created_at,u1_0.is_active,u1_0.nama,u1_0.no_telepon,u1_0.password,u1_0.role,u1_0.saldo,u1_0.updated_at,u1_0.username from users u1_0 where u1_0.username=?
Hibernate: select st1_0.id,st1_0.created_at,st1_0.jumlah,st1_0.keterangan,st1_0.saldo_sebelum,st1_0.saldo_sesudah,st1_0.setoran_id,st1_0.tipe,st1_0.user_id from saldo_transaksi st1_0 where st1_0.user_id=? order by st1_0.created_at desc
Hibernate: select ps1_0.id,ps1_0.catatan,ps1_0.created_at,ps1_0.jumlah,ps1_0.petugas_id,ps1_0.status,ps1_0.updated_at,ps1_0.warga_id from penarikan_saldo ps1_0 where ps1_0.warga_id=? order by ps1_0.created_at desc
Hibernate: select u1_0.id,u1_0.alamat,u1_0.created_at,u1_0.is_active,u1_0.nama,u1_0.no_telepon,u1_0.password,u1_0.role,u1_0.saldo,u1_0.updated_at,u1_0.username from users u1_0 where u1_0.username=?
Hibernate: select u1_0.id,u1_0.alamat,u1_0.created_at,u1_0.is_active,u1_0.nama,u1_0.no_telepon,u1_0.password,u1_0.role,u1_0.saldo,u1_0.updated_at,u1_0.username from users u1_0 where u1_0.username=?
Hibernate: select s1_0.id,s1_0.alamat_jemput,s1_0.berat_kg,s1_0.bukti_pembayaran,s1_0.catatan,s1_0.created_at,s1_0.deskripsi,s1_0.jenis_sampah,s1_0.jenis_setoran,s1_0.jenis_uang,s1_0.jumlah_uang,s1_0.kategori_id,s1_0.petugas_id,s1_0.status,s1_0.status_pembayaran,s1_0.status_penjemputan,s1_0.total_harga,s1_0.updated_at,s1_0.warga_id from setoran s1_0 where s1_0.warga_id=? order by s1_0.created_at desc
Hibernate: select month(s1_0.created_at),coalesce(sum(s1_0.berat_kg),0) from setoran s1_0 where s1_0.warga_id=? and year(s1_0.created_at)=? and s1_0.jenis_setoran='SAMPAH' group by month(s1_0.created_at) order by month(s1_0.created_at)
Hibernate: select ks1_0.id,ks1_0.created_at,ks1_0.deskripsi,ks1_0.harga_daur_ulang,ks1_0.harga_per_kg,ks1_0.is_daur_ulang,ks1_0.nama from kategori_sampah ks1_0 where ks1_0.id=?
Hibernate: select u1_0.id,u1_0.alamat,u1_0.created_at,u1_0.is_active,u1_0.nama,u1_0.no_telepon,u1_0.password,u1_0.role,u1_0.saldo,u1_0.updated_at,u1_0.username from users u1_0 where u1_0.username=?
Hibernate: select u1_0.id,u1_0.alamat,u1_0.created_at,u1_0.is_active,u1_0.nama,u1_0.no_telepon,u1_0.password,u1_0.role,u1_0.saldo,u1_0.updated_at,u1_0.username from users u1_0 where u1_0.username=?
Hibernate: select ks1_0.id,ks1_0.created_at,ks1_0.deskripsi,ks1_0.harga_daur_ulang,ks1_0.harga_per_kg,ks1_0.is_daur_ulang,ks1_0.nama from kategori_sampah ks1_0
Hibernate: select u1_0.id,u1_0.alamat,u1_0.created_at,u1_0.is_active,u1_0.nama,u1_0.no_telepon,u1_0.password,u1_0.role,u1_0.saldo,u1_0.updated_at,u1_0.username from users u1_0 where u1_0.username=?
Hibernate: select u1_0.id,u1_0.alamat,u1_0.created_at,u1_0.is_active,u1_0.nama,u1_0.no_telepon,u1_0.password,u1_0.role,u1_0.saldo,u1_0.updated_at,u1_0.username from users u1_0 where u1_0.username=?
Hibernate: select count(u1_0.id) from users u1_0 where u1_0.role=?
Hibernate: select count(u1_0.id) from users u1_0 where u1_0.role=?
Hibernate: select count(s1_0.id) from setoran s1_0 where s1_0.created_at between ? and ?
Hibernate: select count(s1_0.id) from setoran s1_0 where s1_0.status=?
Hibernate: select count(s1_0.id) from setoran s1_0 where s1_0.status=?
Hibernate: select count(s1_0.id) from setoran s1_0 where s1_0.status=?
Hibernate: select count(s1_0.id) from setoran s1_0 where s1_0.status_pembayaran=?
Hibernate: select coalesce(sum(s1_0.berat_kg),0) from setoran s1_0 where s1_0.status='DITERIMA'
Hibernate: select coalesce(sum(s1_0.jumlah_uang),0) from setoran s1_0 where s1_0.jenis_setoran='UANG' and s1_0.jenis_uang=?
Hibernate: select s1_0.id,s1_0.alamat_jemput,s1_0.berat_kg,s1_0.bukti_pembayaran,s1_0.catatan,s1_0.created_at,s1_0.deskripsi,s1_0.jenis_sampah,s1_0.jenis_setoran,s1_0.jenis_uang,s1_0.jumlah_uang,s1_0.kategori_id,s1_0.petugas_id,s1_0.status,s1_0.status_pembayaran,s1_0.status_penjemputan,s1_0.total_harga,s1_0.updated_at,s1_0.warga_id from setoran s1_0 where s1_0.jenis_setoran=? order by s1_0.created_at desc
Hibernate: select k1_0.nama,coalesce(sum(s1_0.berat_kg),0) from setoran s1_0 join kategori_sampah k1_0 on k1_0.id=s1_0.kategori_id where s1_0.status='DITERIMA' group by k1_0.nama
Hibernate: select month(s1_0.created_at),coalesce(sum(s1_0.berat_kg),0) from setoran s1_0 where year(s1_0.created_at)=? and s1_0.jenis_setoran='SAMPAH' group by month(s1_0.created_at) order by month(s1_0.created_at)
Hibernate: select u1_0.id,u1_0.alamat,u1_0.created_at,u1_0.is_active,u1_0.nama,u1_0.no_telepon,u1_0.password,u1_0.role,u1_0.saldo,u1_0.updated_at,u1_0.username from users u1_0 where u1_0.id=?
Hibernate: select ks1_0.id,ks1_0.created_at,ks1_0.deskripsi,ks1_0.harga_daur_ulang,ks1_0.harga_per_kg,ks1_0.is_daur_ulang,ks1_0.nama from kategori_sampah ks1_0 where ks1_0.id=?
Hibernate: select u1_0.id,u1_0.alamat,u1_0.created_at,u1_0.is_active,u1_0.nama,u1_0.no_telepon,u1_0.password,u1_0.role,u1_0.saldo,u1_0.updated_at,u1_0.username from users u1_0 where u1_0.id=?
Hibernate: select u1_0.id,u1_0.alamat,u1_0.created_at,u1_0.is_active,u1_0.nama,u1_0.no_telepon,u1_0.password,u1_0.role,u1_0.saldo,u1_0.updated_at,u1_0.username from users u1_0 where u1_0.username=?
Hibernate: select ks1_0.id,ks1_0.created_at,ks1_0.deskripsi,ks1_0.harga_daur_ulang,ks1_0.harga_per_kg,ks1_0.is_daur_ulang,ks1_0.nama from kategori_sampah ks1_0
Hibernate: select u1_0.id,u1_0.alamat,u1_0.created_at,u1_0.is_active,u1_0.nama,u1_0.no_telepon,u1_0.password,u1_0.role,u1_0.saldo,u1_0.updated_at,u1_0.username from users u1_0 where u1_0.username=?
Hibernate: select count(u1_0.id) from users u1_0 where u1_0.role=?
Hibernate: select count(u1_0.id) from users u1_0 where u1_0.role=?
Hibernate: select count(s1_0.id) from setoran s1_0 where s1_0.created_at between ? and ?
Hibernate: select count(s1_0.id) from setoran s1_0 where s1_0.status=?
Hibernate: select count(s1_0.id) from setoran s1_0 where s1_0.status=?
Hibernate: select count(s1_0.id) from setoran s1_0 where s1_0.status=?
Hibernate: select count(s1_0.id) from setoran s1_0 where s1_0.status_pembayaran=?
Hibernate: select coalesce(sum(s1_0.berat_kg),0) from setoran s1_0 where s1_0.status='DITERIMA'
Hibernate: select coalesce(sum(s1_0.jumlah_uang),0) from setoran s1_0 where s1_0.jenis_setoran='UANG' and s1_0.jenis_uang=?
Hibernate: select s1_0.id,s1_0.alamat_jemput,s1_0.berat_kg,s1_0.bukti_pembayaran,s1_0.catatan,s1_0.created_at,s1_0.deskripsi,s1_0.jenis_sampah,s1_0.jenis_setoran,s1_0.jenis_uang,s1_0.jumlah_uang,s1_0.kategori_id,s1_0.petugas_id,s1_0.status,s1_0.status_pembayaran,s1_0.status_penjemputan,s1_0.total_harga,s1_0.updated_at,s1_0.warga_id from setoran s1_0 where s1_0.jenis_setoran=? order by s1_0.created_at desc
Hibernate: select k1_0.nama,coalesce(sum(s1_0.berat_kg),0) from setoran s1_0 join kategori_sampah k1_0 on k1_0.id=s1_0.kategori_id where s1_0.status='DITERIMA' group by k1_0.nama
Hibernate: select month(s1_0.created_at),coalesce(sum(s1_0.berat_kg),0) from setoran s1_0 where year(s1_0.created_at)=? and s1_0.jenis_setoran='SAMPAH' group by month(s1_0.created_at) order by month(s1_0.created_at)
Hibernate: select u1_0.id,u1_0.alamat,u1_0.created_at,u1_0.is_active,u1_0.nama,u1_0.no_telepon,u1_0.password,u1_0.role,u1_0.saldo,u1_0.updated_at,u1_0.username from users u1_0 where u1_0.id=?
Hibernate: select ks1_0.id,ks1_0.created_at,ks1_0.deskripsi,ks1_0.harga_daur_ulang,ks1_0.harga_per_kg,ks1_0.is_daur_ulang,ks1_0.nama from kategori_sampah ks1_0 where ks1_0.id=?
Hibernate: select u1_0.id,u1_0.alamat,u1_0.created_at,u1_0.is_active,u1_0.nama,u1_0.no_telepon,u1_0.password,u1_0.role,u1_0.saldo,u1_0.updated_at,u1_0.username from users u1_0 where u1_0.id=?
Hibernate: select u1_0.id,u1_0.alamat,u1_0.created_at,u1_0.is_active,u1_0.nama,u1_0.no_telepon,u1_0.password,u1_0.role,u1_0.saldo,u1_0.updated_at,u1_0.username from users u1_0 where u1_0.username=?
Hibernate: select ks1_0.id,ks1_0.created_at,ks1_0.deskripsi,ks1_0.harga_daur_ulang,ks1_0.harga_per_kg,ks1_0.is_daur_ulang,ks1_0.nama from kategori_sampah ks1_0
2026-05-30T12:11:26.438+07:00  INFO 20884 --- [trashformer] [   File Watcher] rtingClassPathChangeChangedEventListener : Restarting due to 31 class path changes (0 additions, 30 deletions, 1 modification)
2026-05-30T12:11:26.871+07:00  INFO 20884 --- [trashformer] [       Thread-5] j.LocalContainerEntityManagerFactoryBean : Closing JPA EntityManagerFactory for persistence unit 'default'
2026-05-30T12:11:26.917+07:00  INFO 20884 --- [trashformer] [       Thread-5] com.zaxxer.hikari.HikariDataSource       : HikariPool-1 - Shutdown initiated...
2026-05-30T12:11:26.944+07:00  INFO 20884 --- [trashformer] [       Thread-5] com.zaxxer.hikari.HikariDataSource       : HikariPool-1 - Shutdown completed.

  .   ____          _            __ _ _
 /\\ / ___'_ __ _ _(_)_ __  __ _ \ \ \ \
( ( )\___ | '_ | '_| | '_ \/ _` | \ \ \ \
 \\/  ___)| |_)| | | | | || (_| |  ) ) ) )
  '  |____| .__|_| |_|_| |_\__, | / / / /
 =========|_|==============|___/=/_/_/_/

 :: Spring Boot ::                (v3.3.5)

2026-05-30T12:11:27.587+07:00  INFO 20884 --- [trashformer] [  restartedMain] com.example.TrashformerApplication       : Starting TrashformerApplication using Java 25.0.2 with PID 20884 (D:\pboprojek\trashformer\target\classes started by ASUS in D:\pboprojek\trashformer)
2026-05-30T12:11:27.588+07:00  INFO 20884 --- [trashformer] [  restartedMain] com.example.TrashformerApplication       : No active profile set, falling back to 1 default profile: "default"
2026-05-30T12:11:28.436+07:00  INFO 20884 --- [trashformer] [  restartedMain] .s.d.r.c.RepositoryConfigurationDelegate : Bootstrapping Spring Data JPA repositories in DEFAULT mode.
2026-05-30T12:11:28.456+07:00  INFO 20884 --- [trashformer] [  restartedMain] .s.d.r.c.RepositoryConfigurationDelegate : Finished Spring Data repository scanning in 1 ms. Found 0 JPA repository interfaces.
2026-05-30T12:11:29.309+07:00  INFO 20884 --- [trashformer] [  restartedMain] o.s.b.w.embedded.tomcat.TomcatWebServer  : Tomcat initialized with port 8080 (http)
2026-05-30T12:11:29.320+07:00  INFO 20884 --- [trashformer] [  restartedMain] o.apache.catalina.core.StandardService   : Starting service [Tomcat]
2026-05-30T12:11:29.321+07:00  INFO 20884 --- [trashformer] [  restartedMain] o.apache.catalina.core.StandardEngine    : Starting Servlet engine: [Apache Tomcat/10.1.31]
2026-05-30T12:11:29.404+07:00  INFO 20884 --- [trashformer] [  restartedMain] o.a.c.c.C.[Tomcat].[localhost].[/]       : Initializing Spring embedded WebApplicationContext
2026-05-30T12:11:29.405+07:00  INFO 20884 --- [trashformer] [  restartedMain] w.s.c.ServletWebServerApplicationContext : Root WebApplicationContext: initialization completed in 1797 ms
2026-05-30T12:11:29.569+07:00  INFO 20884 --- [trashformer] [  restartedMain] o.hibernate.jpa.internal.util.LogHelper  : HHH000204: Processing PersistenceUnitInfo [name: default]
2026-05-30T12:11:29.594+07:00  INFO 20884 --- [trashformer] [  restartedMain] o.h.c.internal.RegionFactoryInitiator    : HHH000026: Second-level cache disabled
2026-05-30T12:11:29.633+07:00  INFO 20884 --- [trashformer] [  restartedMain] o.s.o.j.p.SpringPersistenceUnitInfo      : No LoadTimeWeaver setup: ignoring JPA class transformer
2026-05-30T12:11:29.636+07:00  INFO 20884 --- [trashformer] [  restartedMain] com.zaxxer.hikari.HikariDataSource       : HikariPool-2 - Starting...
2026-05-30T12:11:29.650+07:00  INFO 20884 --- [trashformer] [  restartedMain] com.zaxxer.hikari.pool.HikariPool        : HikariPool-2 - Added connection com.mysql.cj.jdbc.ConnectionImpl@1f4b6a0e
2026-05-30T12:11:29.651+07:00  INFO 20884 --- [trashformer] [  restartedMain] com.zaxxer.hikari.HikariDataSource       : HikariPool-2 - Start completed.
2026-05-30T12:11:29.654+07:00  WARN 20884 --- [trashformer] [  restartedMain] org.hibernate.dialect.Dialect            : HHH000511: The 5.5.5 version for [org.hibernate.dialect.MySQLDialect] is no longer supported, hence certain features may not work properly. The minimum supported version is 8.0.0. Check the community dialects project for available legacy versions.
2026-05-30T12:11:29.656+07:00  WARN 20884 --- [trashformer] [  restartedMain] org.hibernate.orm.deprecation            : HHH90000025: MySQLDialect does not need to be specified explicitly using 'hibernate.dialect' (remove the property setting and it will be selected by default)
2026-05-30T12:11:29.700+07:00  INFO 20884 --- [trashformer] [  restartedMain] o.h.e.t.j.p.i.JtaPlatformInitiator       : HHH000489: No JTA platform available (set 'hibernate.transaction.jta.platform' to enable JTA platform integration)
2026-05-30T12:11:29.701+07:00  INFO 20884 --- [trashformer] [  restartedMain] j.LocalContainerEntityManagerFactoryBean : Initialized JPA EntityManagerFactory for persistence unit 'default'
2026-05-30T12:11:29.778+07:00  WARN 20884 --- [trashformer] [  restartedMain] JpaBaseConfiguration$JpaWebConfiguration : spring.jpa.open-in-view is enabled by default. Therefore, database queries may be performed during view rendering. Explicitly configure spring.jpa.open-in-view to disable this warning
2026-05-30T12:11:30.249+07:00  WARN 20884 --- [trashformer] [  restartedMain] .s.s.UserDetailsServiceAutoConfiguration : 

Using generated security password: 7490aa3a-b29b-4eec-a0b6-24c1b14c89ac

This generated password is for development use only. Your security configuration must be updated before running your application in production.

2026-05-30T12:11:30.256+07:00  INFO 20884 --- [trashformer] [  restartedMain] r$InitializeUserDetailsManagerConfigurer : Global AuthenticationManager configured with UserDetailsService bean with name inMemoryUserDetailsManager
2026-05-30T12:11:30.457+07:00  INFO 20884 --- [trashformer] [  restartedMain] o.s.b.d.a.OptionalLiveReloadServer       : LiveReload server is running on port 35729
2026-05-30T12:11:30.514+07:00  INFO 20884 --- [trashformer] [  restartedMain] o.s.b.w.embedded.tomcat.TomcatWebServer  : Tomcat started on port 8080 (http) with context path '/'
2026-05-30T12:11:30.527+07:00  INFO 20884 --- [trashformer] [  restartedMain] com.example.TrashformerApplication       : Started TrashformerApplication in 3.149 seconds (process running for 962.133)
2026-05-30T12:11:30.540+07:00  INFO 20884 --- [trashformer] [  restartedMain] .ConditionEvaluationDeltaLoggingListener : Condition evaluation delta:


==========================
CONDITION EVALUATION DELTA
==========================


Positive matches:
-----------------

   SpringBootWebSecurityConfiguration.SecurityFilterChainConfiguration matched:
      - AllNestedConditions 2 matched 0 did not; NestedCondition on DefaultWebSecurityCondition.Beans @ConditionalOnMissingBean (types: org.springframework.security.web.SecurityFilterChain; SearchStrategy: all) did not find any beans; NestedCondition on DefaultWebSecurityCondition.Classes @ConditionalOnClass found required classes 'org.springframework.security.web.SecurityFilterChain', 'org.springframework.security.config.annotation.web.builders.HttpSecurity' (DefaultWebSecurityCondition)

   UserDetailsServiceAutoConfiguration matched:
      - @ConditionalOnClass found required class 'org.springframework.security.authentication.AuthenticationManager' (OnClassCondition)
      - AnyNestedCondition 1 matched 2 did not; NestedCondition on UserDetailsServiceAutoConfiguration.MissingAlternativeOrUserPropertiesConfigured.PasswordConfigured @ConditionalOnProperty (spring.security.user.password) did not find property 'password'; NestedCondition on UserDetailsServiceAutoConfiguration.MissingAlternativeOrUserPropertiesConfigured.NameConfigured @ConditionalOnProperty (spring.security.user.name) did not find property 'name'; NestedCondition on UserDetailsServiceAutoConfiguration.MissingAlternativeOrUserPropertiesConfigured.MissingAlternative @ConditionalOnMissingClass did not find unwanted classes 'org.springframework.security.oauth2.client.registration.ClientRegistrationRepository', 'org.springframework.security.oauth2.server.resource.introspection.OpaqueTokenIntrospector', 'org.springframework.security.saml2.provider.service.registration.RelyingPartyRegistrationRepository' (UserDetailsServiceAutoConfiguration.MissingAlternativeOrUserPropertiesConfigured)
      - @ConditionalOnBean (types: org.springframework.security.config.annotation.ObjectPostProcessor; SearchStrategy: all) found bean 'objectPostProcessor'; @ConditionalOnMissingBean (types: org.springframework.security.authentication.AuthenticationManager,org.springframework.security.authentication.AuthenticationProvider,org.springframework.security.core.userdetails.UserDetailsService,org.springframework.security.authentication.AuthenticationManagerResolver,org.springframework.security.oauth2.jwt.JwtDecoder; SearchStrategy: all) did not find any beans (OnBeanCondition)


Negative matches:
-----------------

    None


Exclusions:
-----------

    None


Unconditional classes:
----------------------

    None



2026-05-30T12:11:32.297+07:00  INFO 20884 --- [trashformer] [   File Watcher] rtingClassPathChangeChangedEventListener : Restarting due to 30 class path changes (30 additions, 0 deletions, 0 modifications)
2026-05-30T12:11:32.321+07:00  INFO 20884 --- [trashformer] [       Thread-7] j.LocalContainerEntityManagerFactoryBean : Closing JPA EntityManagerFactory for persistence unit 'default'
2026-05-30T12:11:32.323+07:00  INFO 20884 --- [trashformer] [       Thread-7] com.zaxxer.hikari.HikariDataSource       : HikariPool-2 - Shutdown initiated...
2026-05-30T12:11:32.327+07:00  INFO 20884 --- [trashformer] [       Thread-7] com.zaxxer.hikari.HikariDataSource       : HikariPool-2 - Shutdown completed.

  .   ____          _            __ _ _
 /\\ / ___'_ __ _ _(_)_ __  __ _ \ \ \ \
( ( )\___ | '_ | '_| | '_ \/ _` | \ \ \ \
 \\/  ___)| |_)| | | | | || (_| |  ) ) ) )
  '  |____| .__|_| |_|_| |_\__, | / / / /
 =========|_|==============|___/=/_/_/_/

 :: Spring Boot ::                (v3.3.5)

2026-05-30T12:11:32.473+07:00  INFO 20884 --- [trashformer] [  restartedMain] com.example.TrashformerApplication       : Starting TrashformerApplication using Java 25.0.2 with PID 20884 (D:\pboprojek\trashformer\target\classes started by ASUS in D:\pboprojek\trashformer)
2026-05-30T12:11:32.474+07:00  INFO 20884 --- [trashformer] [  restartedMain] com.example.TrashformerApplication       : No active profile set, falling back to 1 default profile: "default"
2026-05-30T12:11:32.961+07:00  INFO 20884 --- [trashformer] [  restartedMain] .s.d.r.c.RepositoryConfigurationDelegate : Bootstrapping Spring Data JPA repositories in DEFAULT mode.
2026-05-30T12:11:33.023+07:00  INFO 20884 --- [trashformer] [  restartedMain] .s.d.r.c.RepositoryConfigurationDelegate : Finished Spring Data repository scanning in 60 ms. Found 5 JPA repository interfaces.
2026-05-30T12:11:33.315+07:00  INFO 20884 --- [trashformer] [  restartedMain] o.s.b.w.embedded.tomcat.TomcatWebServer  : Tomcat initialized with port 8080 (http)
2026-05-30T12:11:33.334+07:00  INFO 20884 --- [trashformer] [  restartedMain] o.apache.catalina.core.StandardService   : Starting service [Tomcat]
2026-05-30T12:11:33.335+07:00  INFO 20884 --- [trashformer] [  restartedMain] o.apache.catalina.core.StandardEngine    : Starting Servlet engine: [Apache Tomcat/10.1.31]
2026-05-30T12:11:33.396+07:00  INFO 20884 --- [trashformer] [  restartedMain] o.a.c.c.C.[Tomcat].[localhost].[/]       : Initializing Spring embedded WebApplicationContext
2026-05-30T12:11:33.397+07:00  INFO 20884 --- [trashformer] [  restartedMain] w.s.c.ServletWebServerApplicationContext : Root WebApplicationContext: initialization completed in 919 ms
2026-05-30T12:11:33.526+07:00  INFO 20884 --- [trashformer] [  restartedMain] o.hibernate.jpa.internal.util.LogHelper  : HHH000204: Processing PersistenceUnitInfo [name: default]
2026-05-30T12:11:33.551+07:00  INFO 20884 --- [trashformer] [  restartedMain] o.h.c.internal.RegionFactoryInitiator    : HHH000026: Second-level cache disabled
2026-05-30T12:11:33.575+07:00  INFO 20884 --- [trashformer] [  restartedMain] o.s.o.j.p.SpringPersistenceUnitInfo      : No LoadTimeWeaver setup: ignoring JPA class transformer
2026-05-30T12:11:33.578+07:00  INFO 20884 --- [trashformer] [  restartedMain] com.zaxxer.hikari.HikariDataSource       : HikariPool-3 - Starting...
2026-05-30T12:11:33.588+07:00  INFO 20884 --- [trashformer] [  restartedMain] com.zaxxer.hikari.pool.HikariPool        : HikariPool-3 - Added connection com.mysql.cj.jdbc.ConnectionImpl@3dcadf14
2026-05-30T12:11:33.589+07:00  INFO 20884 --- [trashformer] [  restartedMain] com.zaxxer.hikari.HikariDataSource       : HikariPool-3 - Start completed.
2026-05-30T12:11:33.592+07:00  WARN 20884 --- [trashformer] [  restartedMain] org.hibernate.dialect.Dialect            : HHH000511: The 5.5.5 version for [org.hibernate.dialect.MySQLDialect] is no longer supported, hence certain features may not work properly. The minimum supported version is 8.0.0. Check the community dialects project for available legacy versions.
2026-05-30T12:11:33.594+07:00  WARN 20884 --- [trashformer] [  restartedMain] org.hibernate.orm.deprecation            : HHH90000025: MySQLDialect does not need to be specified explicitly using 'hibernate.dialect' (remove the property setting and it will be selected by default)
2026-05-30T12:11:34.277+07:00  INFO 20884 --- [trashformer] [  restartedMain] o.h.e.t.j.p.i.JtaPlatformInitiator       : HHH000489: No JTA platform available (set 'hibernate.transaction.jta.platform' to enable JTA platform integration)
2026-05-30T12:11:34.462+07:00  INFO 20884 --- [trashformer] [  restartedMain] j.LocalContainerEntityManagerFactoryBean : Initialized JPA EntityManagerFactory for persistence unit 'default'
2026-05-30T12:11:34.862+07:00  WARN 20884 --- [trashformer] [  restartedMain] JpaBaseConfiguration$JpaWebConfiguration : spring.jpa.open-in-view is enabled by default. Therefore, database queries may be performed during view rendering. Explicitly configure spring.jpa.open-in-view to disable this warning
2026-05-30T12:11:34.879+07:00  INFO 20884 --- [trashformer] [  restartedMain] r$InitializeUserDetailsManagerConfigurer : Global AuthenticationManager configured with UserDetailsService bean with name customUserDetailsService
2026-05-30T12:11:35.174+07:00  INFO 20884 --- [trashformer] [  restartedMain] o.s.b.d.a.OptionalLiveReloadServer       : LiveReload server is running on port 35729
2026-05-30T12:11:35.197+07:00  INFO 20884 --- [trashformer] [  restartedMain] o.s.b.w.embedded.tomcat.TomcatWebServer  : Tomcat started on port 8080 (http) with context path '/'
2026-05-30T12:11:35.205+07:00  INFO 20884 --- [trashformer] [  restartedMain] com.example.TrashformerApplication       : Started TrashformerApplication in 2.776 seconds (process running for 966.812)
2026-05-30T12:11:35.209+07:00  INFO 20884 --- [trashformer] [  restartedMain] .ConditionEvaluationDeltaLoggingListener : Condition evaluation delta:


==========================
CONDITION EVALUATION DELTA
==========================


Positive matches:
-----------------

    None


Negative matches:
-----------------

   SpringBootWebSecurityConfiguration.SecurityFilterChainConfiguration:
      Did not match:
         - AllNestedConditions 1 matched 1 did not; NestedCondition on DefaultWebSecurityCondition.Beans @ConditionalOnMissingBean (types: org.springframework.security.web.SecurityFilterChain; SearchStrategy: all) found beans of type 'org.springframework.security.web.SecurityFilterChain' securityFilterChain; NestedCondition on DefaultWebSecurityCondition.Classes @ConditionalOnClass found required classes 'org.springframework.security.web.SecurityFilterChain', 'org.springframework.security.config.annotation.web.builders.HttpSecurity' (DefaultWebSecurityCondition)

   UserDetailsServiceAutoConfiguration:
      Did not match:
         - @ConditionalOnMissingBean (types: org.springframework.security.authentication.AuthenticationManager,org.springframework.security.authentication.AuthenticationProvider,org.springframework.security.core.userdetails.UserDetailsService,org.springframework.security.authentication.AuthenticationManagerResolver,org.springframework.security.oauth2.jwt.JwtDecoder; SearchStrategy: all) found beans of type 'org.springframework.security.core.userdetails.UserDetailsService' customUserDetailsService (OnBeanCondition)
      Matched:
         - @ConditionalOnClass found required class 'org.springframework.security.authentication.AuthenticationManager' (OnClassCondition)
         - AnyNestedCondition 1 matched 2 did not; NestedCondition on UserDetailsServiceAutoConfiguration.MissingAlternativeOrUserPropertiesConfigured.PasswordConfigured @ConditionalOnProperty (spring.security.user.password) did not find property 'password'; NestedCondition on UserDetailsServiceAutoConfiguration.MissingAlternativeOrUserPropertiesConfigured.NameConfigured @ConditionalOnProperty (spring.security.user.name) did not find property 'name'; NestedCondition on UserDetailsServiceAutoConfiguration.MissingAlternativeOrUserPropertiesConfigured.MissingAlternative @ConditionalOnMissingClass did not find unwanted classes 'org.springframework.security.oauth2.client.registration.ClientRegistrationRepository', 'org.springframework.security.oauth2.server.resource.introspection.OpaqueTokenIntrospector', 'org.springframework.security.saml2.provider.service.registration.RelyingPartyRegistrationRepository' (UserDetailsServiceAutoConfiguration.MissingAlternativeOrUserPropertiesConfigured)


Exclusions:
-----------

    None


Unconditional classes:
----------------------

    None



2026-05-30T12:15:13.614+07:00  INFO 20884 --- [trashformer] [   File Watcher] rtingClassPathChangeChangedEventListener : Restarting due to 1 class path change (0 additions, 0 deletions, 1 modification)
2026-05-30T12:15:13.640+07:00  INFO 20884 --- [trashformer] [      Thread-11] j.LocalContainerEntityManagerFactoryBean : Closing JPA EntityManagerFactory for persistence unit 'default'
2026-05-30T12:15:13.642+07:00  INFO 20884 --- [trashformer] [      Thread-11] com.zaxxer.hikari.HikariDataSource       : HikariPool-3 - Shutdown initiated...
2026-05-30T12:15:13.649+07:00  INFO 20884 --- [trashformer] [      Thread-11] com.zaxxer.hikari.HikariDataSource       : HikariPool-3 - Shutdown completed.

  .   ____          _            __ _ _
 /\\ / ___'_ __ _ _(_)_ __  __ _ \ \ \ \
( ( )\___ | '_ | '_| | '_ \/ _` | \ \ \ \
 \\/  ___)| |_)| | | | | || (_| |  ) ) ) )
  '  |____| .__|_| |_|_| |_\__, | / / / /
 =========|_|==============|___/=/_/_/_/

 :: Spring Boot ::                (v3.3.5)

2026-05-30T12:15:13.800+07:00  INFO 20884 --- [trashformer] [  restartedMain] com.example.TrashformerApplication       : Starting TrashformerApplication using Java 25.0.2 with PID 20884 (D:\pboprojek\trashformer\target\classes started by ASUS in D:\pboprojek\trashformer)
2026-05-30T12:15:13.801+07:00  INFO 20884 --- [trashformer] [  restartedMain] com.example.TrashformerApplication       : No active profile set, falling back to 1 default profile: "default"
2026-05-30T12:15:14.396+07:00  INFO 20884 --- [trashformer] [  restartedMain] .s.d.r.c.RepositoryConfigurationDelegate : Bootstrapping Spring Data JPA repositories in DEFAULT mode.
2026-05-30T12:15:14.445+07:00  INFO 20884 --- [trashformer] [  restartedMain] .s.d.r.c.RepositoryConfigurationDelegate : Finished Spring Data repository scanning in 47 ms. Found 5 JPA repository interfaces.
2026-05-30T12:15:14.717+07:00  INFO 20884 --- [trashformer] [  restartedMain] o.s.b.w.embedded.tomcat.TomcatWebServer  : Tomcat initialized with port 8080 (http)
2026-05-30T12:15:14.738+07:00  INFO 20884 --- [trashformer] [  restartedMain] o.apache.catalina.core.StandardService   : Starting service [Tomcat]
2026-05-30T12:15:14.738+07:00  INFO 20884 --- [trashformer] [  restartedMain] o.apache.catalina.core.StandardEngine    : Starting Servlet engine: [Apache Tomcat/10.1.31]
2026-05-30T12:15:14.772+07:00  INFO 20884 --- [trashformer] [  restartedMain] o.a.c.c.C.[Tomcat].[localhost].[/]       : Initializing Spring embedded WebApplicationContext
2026-05-30T12:15:14.773+07:00  INFO 20884 --- [trashformer] [  restartedMain] w.s.c.ServletWebServerApplicationContext : Root WebApplicationContext: initialization completed in 954 ms
2026-05-30T12:15:14.885+07:00  INFO 20884 --- [trashformer] [  restartedMain] o.hibernate.jpa.internal.util.LogHelper  : HHH000204: Processing PersistenceUnitInfo [name: default]
2026-05-30T12:15:14.889+07:00  INFO 20884 --- [trashformer] [  restartedMain] o.h.c.internal.RegionFactoryInitiator    : HHH000026: Second-level cache disabled
2026-05-30T12:15:14.905+07:00  INFO 20884 --- [trashformer] [  restartedMain] o.s.o.j.p.SpringPersistenceUnitInfo      : No LoadTimeWeaver setup: ignoring JPA class transformer
2026-05-30T12:15:14.907+07:00  INFO 20884 --- [trashformer] [  restartedMain] com.zaxxer.hikari.HikariDataSource       : HikariPool-4 - Starting...
2026-05-30T12:15:14.914+07:00  INFO 20884 --- [trashformer] [  restartedMain] com.zaxxer.hikari.pool.HikariPool        : HikariPool-4 - Added connection com.mysql.cj.jdbc.ConnectionImpl@7c798484
2026-05-30T12:15:14.916+07:00  INFO 20884 --- [trashformer] [  restartedMain] com.zaxxer.hikari.HikariDataSource       : HikariPool-4 - Start completed.
2026-05-30T12:15:14.918+07:00  WARN 20884 --- [trashformer] [  restartedMain] org.hibernate.dialect.Dialect            : HHH000511: The 5.5.5 version for [org.hibernate.dialect.MySQLDialect] is no longer supported, hence certain features may not work properly. The minimum supported version is 8.0.0. Check the community dialects project for available legacy versions.
2026-05-30T12:15:14.919+07:00  WARN 20884 --- [trashformer] [  restartedMain] org.hibernate.orm.deprecation            : HHH90000025: MySQLDialect does not need to be specified explicitly using 'hibernate.dialect' (remove the property setting and it will be selected by default)
2026-05-30T12:15:15.122+07:00  INFO 20884 --- [trashformer] [  restartedMain] o.h.e.t.j.p.i.JtaPlatformInitiator       : HHH000489: No JTA platform available (set 'hibernate.transaction.jta.platform' to enable JTA platform integration)
2026-05-30T12:15:15.235+07:00  INFO 20884 --- [trashformer] [  restartedMain] j.LocalContainerEntityManagerFactoryBean : Initialized JPA EntityManagerFactory for persistence unit 'default'
2026-05-30T12:15:15.557+07:00  WARN 20884 --- [trashformer] [  restartedMain] JpaBaseConfiguration$JpaWebConfiguration : spring.jpa.open-in-view is enabled by default. Therefore, database queries may be performed during view rendering. Explicitly configure spring.jpa.open-in-view to disable this warning
2026-05-30T12:15:15.595+07:00  INFO 20884 --- [trashformer] [  restartedMain] r$InitializeUserDetailsManagerConfigurer : Global AuthenticationManager configured with UserDetailsService bean with name customUserDetailsService
2026-05-30T12:15:15.909+07:00  INFO 20884 --- [trashformer] [  restartedMain] o.s.b.d.a.OptionalLiveReloadServer       : LiveReload server is running on port 35729
2026-05-30T12:15:15.946+07:00  INFO 20884 --- [trashformer] [  restartedMain] o.s.b.w.embedded.tomcat.TomcatWebServer  : Tomcat started on port 8080 (http) with context path '/'
2026-05-30T12:15:15.950+07:00  INFO 20884 --- [trashformer] [  restartedMain] com.example.TrashformerApplication       : Started TrashformerApplication in 2.205 seconds (process running for 1187.557)
2026-05-30T12:15:15.952+07:00  INFO 20884 --- [trashformer] [  restartedMain] .ConditionEvaluationDeltaLoggingListener : Condition evaluation unchanged
2026-05-30T12:15:26.442+07:00  INFO 20884 --- [trashformer] [   File Watcher] rtingClassPathChangeChangedEventListener : Restarting due to 1 class path change (0 additions, 0 deletions, 1 modification)
2026-05-30T12:15:26.538+07:00  INFO 20884 --- [trashformer] [      Thread-15] j.LocalContainerEntityManagerFactoryBean : Closing JPA EntityManagerFactory for persistence unit 'default'
2026-05-30T12:15:26.542+07:00  INFO 20884 --- [trashformer] [      Thread-15] com.zaxxer.hikari.HikariDataSource       : HikariPool-4 - Shutdown initiated...
2026-05-30T12:15:26.547+07:00  INFO 20884 --- [trashformer] [      Thread-15] com.zaxxer.hikari.HikariDataSource       : HikariPool-4 - Shutdown completed.

  .   ____          _            __ _ _
 /\\ / ___'_ __ _ _(_)_ __  __ _ \ \ \ \
( ( )\___ | '_ | '_| | '_ \/ _` | \ \ \ \
 \\/  ___)| |_)| | | | | || (_| |  ) ) ) )
  '  |____| .__|_| |_|_| |_\__, | / / / /
 =========|_|==============|___/=/_/_/_/

 :: Spring Boot ::                (v3.3.5)

2026-05-30T12:15:26.723+07:00  INFO 20884 --- [trashformer] [  restartedMain] com.example.TrashformerApplication       : Starting TrashformerApplication using Java 25.0.2 with PID 20884 (D:\pboprojek\trashformer\target\classes started by ASUS in D:\pboprojek\trashformer)
2026-05-30T12:15:26.725+07:00  INFO 20884 --- [trashformer] [  restartedMain] com.example.TrashformerApplication       : No active profile set, falling back to 1 default profile: "default"
2026-05-30T12:15:27.202+07:00  INFO 20884 --- [trashformer] [  restartedMain] .s.d.r.c.RepositoryConfigurationDelegate : Bootstrapping Spring Data JPA repositories in DEFAULT mode.
2026-05-30T12:15:27.238+07:00  INFO 20884 --- [trashformer] [  restartedMain] .s.d.r.c.RepositoryConfigurationDelegate : Finished Spring Data repository scanning in 34 ms. Found 5 JPA repository interfaces.
2026-05-30T12:15:27.425+07:00  INFO 20884 --- [trashformer] [  restartedMain] o.s.b.w.embedded.tomcat.TomcatWebServer  : Tomcat initialized with port 8080 (http)
2026-05-30T12:15:27.443+07:00  INFO 20884 --- [trashformer] [  restartedMain] o.apache.catalina.core.StandardService   : Starting service [Tomcat]
2026-05-30T12:15:27.443+07:00  INFO 20884 --- [trashformer] [  restartedMain] o.apache.catalina.core.StandardEngine    : Starting Servlet engine: [Apache Tomcat/10.1.31]
2026-05-30T12:15:27.471+07:00  INFO 20884 --- [trashformer] [  restartedMain] o.a.c.c.C.[Tomcat].[localhost].[/]       : Initializing Spring embedded WebApplicationContext
2026-05-30T12:15:27.472+07:00  INFO 20884 --- [trashformer] [  restartedMain] w.s.c.ServletWebServerApplicationContext : Root WebApplicationContext: initialization completed in 741 ms
2026-05-30T12:15:27.551+07:00  INFO 20884 --- [trashformer] [  restartedMain] o.hibernate.jpa.internal.util.LogHelper  : HHH000204: Processing PersistenceUnitInfo [name: default]
2026-05-30T12:15:27.554+07:00  INFO 20884 --- [trashformer] [  restartedMain] o.h.c.internal.RegionFactoryInitiator    : HHH000026: Second-level cache disabled
2026-05-30T12:15:27.571+07:00  INFO 20884 --- [trashformer] [  restartedMain] o.s.o.j.p.SpringPersistenceUnitInfo      : No LoadTimeWeaver setup: ignoring JPA class transformer
2026-05-30T12:15:27.574+07:00  INFO 20884 --- [trashformer] [  restartedMain] com.zaxxer.hikari.HikariDataSource       : HikariPool-5 - Starting...
2026-05-30T12:15:27.581+07:00  INFO 20884 --- [trashformer] [  restartedMain] com.zaxxer.hikari.pool.HikariPool        : HikariPool-5 - Added connection com.mysql.cj.jdbc.ConnectionImpl@580ca4a4
2026-05-30T12:15:27.582+07:00  INFO 20884 --- [trashformer] [  restartedMain] com.zaxxer.hikari.HikariDataSource       : HikariPool-5 - Start completed.
2026-05-30T12:15:27.584+07:00  WARN 20884 --- [trashformer] [  restartedMain] org.hibernate.dialect.Dialect            : HHH000511: The 5.5.5 version for [org.hibernate.dialect.MySQLDialect] is no longer supported, hence certain features may not work properly. The minimum supported version is 8.0.0. Check the community dialects project for available legacy versions.
2026-05-30T12:15:27.586+07:00  WARN 20884 --- [trashformer] [  restartedMain] org.hibernate.orm.deprecation            : HHH90000025: MySQLDialect does not need to be specified explicitly using 'hibernate.dialect' (remove the property setting and it will be selected by default)
2026-05-30T12:15:27.759+07:00  INFO 20884 --- [trashformer] [  restartedMain] o.h.e.t.j.p.i.JtaPlatformInitiator       : HHH000489: No JTA platform available (set 'hibernate.transaction.jta.platform' to enable JTA platform integration)
2026-05-30T12:15:27.867+07:00  INFO 20884 --- [trashformer] [  restartedMain] j.LocalContainerEntityManagerFactoryBean : Initialized JPA EntityManagerFactory for persistence unit 'default'
2026-05-30T12:15:28.115+07:00  WARN 20884 --- [trashformer] [  restartedMain] JpaBaseConfiguration$JpaWebConfiguration : spring.jpa.open-in-view is enabled by default. Therefore, database queries may be performed during view rendering. Explicitly configure spring.jpa.open-in-view to disable this warning
2026-05-30T12:15:28.146+07:00  INFO 20884 --- [trashformer] [  restartedMain] r$InitializeUserDetailsManagerConfigurer : Global AuthenticationManager configured with UserDetailsService bean with name customUserDetailsService
2026-05-30T12:15:28.379+07:00  INFO 20884 --- [trashformer] [  restartedMain] o.s.b.d.a.OptionalLiveReloadServer       : LiveReload server is running on port 35729
2026-05-30T12:15:28.414+07:00  INFO 20884 --- [trashformer] [  restartedMain] o.s.b.w.embedded.tomcat.TomcatWebServer  : Tomcat started on port 8080 (http) with context path '/'
2026-05-30T12:15:28.420+07:00  INFO 20884 --- [trashformer] [  restartedMain] com.example.TrashformerApplication       : Started TrashformerApplication in 1.765 seconds (process running for 1200.028)
2026-05-30T12:15:28.424+07:00  INFO 20884 --- [trashformer] [  restartedMain] .ConditionEvaluationDeltaLoggingListener : Condition evaluation unchanged
2026-05-30T12:15:34.924+07:00  INFO 20884 --- [trashformer] [   File Watcher] rtingClassPathChangeChangedEventListener : Restarting due to 1 class path change (0 additions, 0 deletions, 1 modification)
2026-05-30T12:15:34.952+07:00  INFO 20884 --- [trashformer] [      Thread-19] j.LocalContainerEntityManagerFactoryBean : Closing JPA EntityManagerFactory for persistence unit 'default'
2026-05-30T12:15:34.954+07:00  INFO 20884 --- [trashformer] [      Thread-19] com.zaxxer.hikari.HikariDataSource       : HikariPool-5 - Shutdown initiated...
2026-05-30T12:15:34.958+07:00  INFO 20884 --- [trashformer] [      Thread-19] com.zaxxer.hikari.HikariDataSource       : HikariPool-5 - Shutdown completed.

  .   ____          _            __ _ _
 /\\ / ___'_ __ _ _(_)_ __  __ _ \ \ \ \
( ( )\___ | '_ | '_| | '_ \/ _` | \ \ \ \
 \\/  ___)| |_)| | | | | || (_| |  ) ) ) )
  '  |____| .__|_| |_|_| |_\__, | / / / /
 =========|_|==============|___/=/_/_/_/

 :: Spring Boot ::                (v3.3.5)

2026-05-30T12:15:35.141+07:00  INFO 20884 --- [trashformer] [  restartedMain] com.example.TrashformerApplication       : Starting TrashformerApplication using Java 25.0.2 with PID 20884 (D:\pboprojek\trashformer\target\classes started by ASUS in D:\pboprojek\trashformer)
2026-05-30T12:15:35.143+07:00  INFO 20884 --- [trashformer] [  restartedMain] com.example.TrashformerApplication       : No active profile set, falling back to 1 default profile: "default"
2026-05-30T12:15:35.580+07:00  INFO 20884 --- [trashformer] [  restartedMain] .s.d.r.c.RepositoryConfigurationDelegate : Bootstrapping Spring Data JPA repositories in DEFAULT mode.
2026-05-30T12:15:35.620+07:00  INFO 20884 --- [trashformer] [  restartedMain] .s.d.r.c.RepositoryConfigurationDelegate : Finished Spring Data repository scanning in 38 ms. Found 5 JPA repository interfaces.
2026-05-30T12:15:35.933+07:00  INFO 20884 --- [trashformer] [  restartedMain] o.s.b.w.embedded.tomcat.TomcatWebServer  : Tomcat initialized with port 8080 (http)
2026-05-30T12:15:35.935+07:00  INFO 20884 --- [trashformer] [  restartedMain] o.apache.catalina.core.StandardService   : Starting service [Tomcat]
2026-05-30T12:15:35.936+07:00  INFO 20884 --- [trashformer] [  restartedMain] o.apache.catalina.core.StandardEngine    : Starting Servlet engine: [Apache Tomcat/10.1.31]
2026-05-30T12:15:35.964+07:00  INFO 20884 --- [trashformer] [  restartedMain] o.a.c.c.C.[Tomcat].[localhost].[/]       : Initializing Spring embedded WebApplicationContext
2026-05-30T12:15:35.965+07:00  INFO 20884 --- [trashformer] [  restartedMain] w.s.c.ServletWebServerApplicationContext : Root WebApplicationContext: initialization completed in 819 ms
2026-05-30T12:15:36.040+07:00  INFO 20884 --- [trashformer] [  restartedMain] o.hibernate.jpa.internal.util.LogHelper  : HHH000204: Processing PersistenceUnitInfo [name: default]
2026-05-30T12:15:36.043+07:00  INFO 20884 --- [trashformer] [  restartedMain] o.h.c.internal.RegionFactoryInitiator    : HHH000026: Second-level cache disabled
2026-05-30T12:15:36.058+07:00  INFO 20884 --- [trashformer] [  restartedMain] o.s.o.j.p.SpringPersistenceUnitInfo      : No LoadTimeWeaver setup: ignoring JPA class transformer
2026-05-30T12:15:36.059+07:00  INFO 20884 --- [trashformer] [  restartedMain] com.zaxxer.hikari.HikariDataSource       : HikariPool-6 - Starting...
2026-05-30T12:15:36.065+07:00  INFO 20884 --- [trashformer] [  restartedMain] com.zaxxer.hikari.pool.HikariPool        : HikariPool-6 - Added connection com.mysql.cj.jdbc.ConnectionImpl@2682bb8a
2026-05-30T12:15:36.065+07:00  INFO 20884 --- [trashformer] [  restartedMain] com.zaxxer.hikari.HikariDataSource       : HikariPool-6 - Start completed.
2026-05-30T12:15:36.067+07:00  WARN 20884 --- [trashformer] [  restartedMain] org.hibernate.dialect.Dialect            : HHH000511: The 5.5.5 version for [org.hibernate.dialect.MySQLDialect] is no longer supported, hence certain features may not work properly. The minimum supported version is 8.0.0. Check the community dialects project for available legacy versions.
2026-05-30T12:15:36.068+07:00  WARN 20884 --- [trashformer] [  restartedMain] org.hibernate.orm.deprecation            : HHH90000025: MySQLDialect does not need to be specified explicitly using 'hibernate.dialect' (remove the property setting and it will be selected by default)
2026-05-30T12:15:36.266+07:00  INFO 20884 --- [trashformer] [  restartedMain] o.h.e.t.j.p.i.JtaPlatformInitiator       : HHH000489: No JTA platform available (set 'hibernate.transaction.jta.platform' to enable JTA platform integration)
2026-05-30T12:15:36.382+07:00  INFO 20884 --- [trashformer] [  restartedMain] j.LocalContainerEntityManagerFactoryBean : Initialized JPA EntityManagerFactory for persistence unit 'default'
2026-05-30T12:15:36.725+07:00  WARN 20884 --- [trashformer] [  restartedMain] JpaBaseConfiguration$JpaWebConfiguration : spring.jpa.open-in-view is enabled by default. Therefore, database queries may be performed during view rendering. Explicitly configure spring.jpa.open-in-view to disable this warning
2026-05-30T12:15:36.758+07:00  INFO 20884 --- [trashformer] [  restartedMain] r$InitializeUserDetailsManagerConfigurer : Global AuthenticationManager configured with UserDetailsService bean with name customUserDetailsService
2026-05-30T12:15:37.018+07:00  INFO 20884 --- [trashformer] [  restartedMain] o.s.b.d.a.OptionalLiveReloadServer       : LiveReload server is running on port 35729
2026-05-30T12:15:37.035+07:00  INFO 20884 --- [trashformer] [  restartedMain] o.s.b.w.embedded.tomcat.TomcatWebServer  : Tomcat started on port 8080 (http) with context path '/'
2026-05-30T12:15:37.042+07:00  INFO 20884 --- [trashformer] [  restartedMain] com.example.TrashformerApplication       : Started TrashformerApplication in 1.981 seconds (process running for 1208.648)
2026-05-30T12:15:37.044+07:00  INFO 20884 --- [trashformer] [  restartedMain] .ConditionEvaluationDeltaLoggingListener : Condition evaluation unchanged
2026-05-30T12:15:48.535+07:00  INFO 20884 --- [trashformer] [   File Watcher] rtingClassPathChangeChangedEventListener : Restarting due to 1 class path change (0 additions, 0 deletions, 1 modification)
2026-05-30T12:15:48.688+07:00  INFO 20884 --- [trashformer] [      Thread-23] j.LocalContainerEntityManagerFactoryBean : Closing JPA EntityManagerFactory for persistence unit 'default'
2026-05-30T12:15:48.707+07:00  INFO 20884 --- [trashformer] [      Thread-23] com.zaxxer.hikari.HikariDataSource       : HikariPool-6 - Shutdown initiated...
2026-05-30T12:15:48.710+07:00  INFO 20884 --- [trashformer] [      Thread-23] com.zaxxer.hikari.HikariDataSource       : HikariPool-6 - Shutdown completed.

  .   ____          _            __ _ _
 /\\ / ___'_ __ _ _(_)_ __  __ _ \ \ \ \
( ( )\___ | '_ | '_| | '_ \/ _` | \ \ \ \
 \\/  ___)| |_)| | | | | || (_| |  ) ) ) )
  '  |____| .__|_| |_|_| |_\__, | / / / /
 =========|_|==============|___/=/_/_/_/

 :: Spring Boot ::                (v3.3.5)

2026-05-30T12:15:48.878+07:00  INFO 20884 --- [trashformer] [  restartedMain] com.example.TrashformerApplication       : Starting TrashformerApplication using Java 25.0.2 with PID 20884 (D:\pboprojek\trashformer\target\classes started by ASUS in D:\pboprojek\trashformer)
2026-05-30T12:15:48.880+07:00  INFO 20884 --- [trashformer] [  restartedMain] com.example.TrashformerApplication       : No active profile set, falling back to 1 default profile: "default"
2026-05-30T12:15:49.344+07:00  INFO 20884 --- [trashformer] [  restartedMain] .s.d.r.c.RepositoryConfigurationDelegate : Bootstrapping Spring Data JPA repositories in DEFAULT mode.
2026-05-30T12:15:49.379+07:00  INFO 20884 --- [trashformer] [  restartedMain] .s.d.r.c.RepositoryConfigurationDelegate : Finished Spring Data repository scanning in 33 ms. Found 5 JPA repository interfaces.
2026-05-30T12:15:49.585+07:00  INFO 20884 --- [trashformer] [  restartedMain] o.s.b.w.embedded.tomcat.TomcatWebServer  : Tomcat initialized with port 8080 (http)
2026-05-30T12:15:49.587+07:00  INFO 20884 --- [trashformer] [  restartedMain] o.apache.catalina.core.StandardService   : Starting service [Tomcat]
2026-05-30T12:15:49.589+07:00  INFO 20884 --- [trashformer] [  restartedMain] o.apache.catalina.core.StandardEngine    : Starting Servlet engine: [Apache Tomcat/10.1.31]
2026-05-30T12:15:49.623+07:00  INFO 20884 --- [trashformer] [  restartedMain] o.a.c.c.C.[Tomcat].[localhost].[/]       : Initializing Spring embedded WebApplicationContext
2026-05-30T12:15:49.624+07:00  INFO 20884 --- [trashformer] [  restartedMain] w.s.c.ServletWebServerApplicationContext : Root WebApplicationContext: initialization completed in 739 ms
2026-05-30T12:15:49.723+07:00  INFO 20884 --- [trashformer] [  restartedMain] o.hibernate.jpa.internal.util.LogHelper  : HHH000204: Processing PersistenceUnitInfo [name: default]
2026-05-30T12:15:49.727+07:00  INFO 20884 --- [trashformer] [  restartedMain] o.h.c.internal.RegionFactoryInitiator    : HHH000026: Second-level cache disabled
2026-05-30T12:15:49.742+07:00  INFO 20884 --- [trashformer] [  restartedMain] o.s.o.j.p.SpringPersistenceUnitInfo      : No LoadTimeWeaver setup: ignoring JPA class transformer
2026-05-30T12:15:49.743+07:00  INFO 20884 --- [trashformer] [  restartedMain] com.zaxxer.hikari.HikariDataSource       : HikariPool-7 - Starting...
2026-05-30T12:15:49.750+07:00  INFO 20884 --- [trashformer] [  restartedMain] com.zaxxer.hikari.pool.HikariPool        : HikariPool-7 - Added connection com.mysql.cj.jdbc.ConnectionImpl@7444c2b5
2026-05-30T12:15:49.751+07:00  INFO 20884 --- [trashformer] [  restartedMain] com.zaxxer.hikari.HikariDataSource       : HikariPool-7 - Start completed.
2026-05-30T12:15:49.754+07:00  WARN 20884 --- [trashformer] [  restartedMain] org.hibernate.dialect.Dialect            : HHH000511: The 5.5.5 version for [org.hibernate.dialect.MySQLDialect] is no longer supported, hence certain features may not work properly. The minimum supported version is 8.0.0. Check the community dialects project for available legacy versions.
2026-05-30T12:15:49.756+07:00  WARN 20884 --- [trashformer] [  restartedMain] org.hibernate.orm.deprecation            : HHH90000025: MySQLDialect does not need to be specified explicitly using 'hibernate.dialect' (remove the property setting and it will be selected by default)
2026-05-30T12:15:49.919+07:00  INFO 20884 --- [trashformer] [  restartedMain] o.h.e.t.j.p.i.JtaPlatformInitiator       : HHH000489: No JTA platform available (set 'hibernate.transaction.jta.platform' to enable JTA platform integration)
2026-05-30T12:15:50.007+07:00  INFO 20884 --- [trashformer] [  restartedMain] j.LocalContainerEntityManagerFactoryBean : Initialized JPA EntityManagerFactory for persistence unit 'default'
2026-05-30T12:15:50.282+07:00  WARN 20884 --- [trashformer] [  restartedMain] JpaBaseConfiguration$JpaWebConfiguration : spring.jpa.open-in-view is enabled by default. Therefore, database queries may be performed during view rendering. Explicitly configure spring.jpa.open-in-view to disable this warning
2026-05-30T12:15:50.313+07:00  INFO 20884 --- [trashformer] [  restartedMain] r$InitializeUserDetailsManagerConfigurer : Global AuthenticationManager configured with UserDetailsService bean with name customUserDetailsService
2026-05-30T12:15:50.538+07:00  INFO 20884 --- [trashformer] [  restartedMain] o.s.b.d.a.OptionalLiveReloadServer       : LiveReload server is running on port 35729
2026-05-30T12:15:50.571+07:00  INFO 20884 --- [trashformer] [  restartedMain] o.s.b.w.embedded.tomcat.TomcatWebServer  : Tomcat started on port 8080 (http) with context path '/'
2026-05-30T12:15:50.577+07:00  INFO 20884 --- [trashformer] [  restartedMain] com.example.TrashformerApplication       : Started TrashformerApplication in 1.752 seconds (process running for 1222.184)
2026-05-30T12:15:50.579+07:00  INFO 20884 --- [trashformer] [  restartedMain] .ConditionEvaluationDeltaLoggingListener : Condition evaluation unchanged
2026-05-30T12:15:58.012+07:00  INFO 20884 --- [trashformer] [   File Watcher] rtingClassPathChangeChangedEventListener : Restarting due to 1 class path change (0 additions, 0 deletions, 1 modification)
2026-05-30T12:15:58.173+07:00  INFO 20884 --- [trashformer] [      Thread-27] j.LocalContainerEntityManagerFactoryBean : Closing JPA EntityManagerFactory for persistence unit 'default'
2026-05-30T12:15:58.176+07:00  INFO 20884 --- [trashformer] [      Thread-27] com.zaxxer.hikari.HikariDataSource       : HikariPool-7 - Shutdown initiated...
2026-05-30T12:15:58.179+07:00  INFO 20884 --- [trashformer] [      Thread-27] com.zaxxer.hikari.HikariDataSource       : HikariPool-7 - Shutdown completed.

  .   ____          _            __ _ _
 /\\ / ___'_ __ _ _(_)_ __  __ _ \ \ \ \
( ( )\___ | '_ | '_| | '_ \/ _` | \ \ \ \
 \\/  ___)| |_)| | | | | || (_| |  ) ) ) )
  '  |____| .__|_| |_|_| |_\__, | / / / /
 =========|_|==============|___/=/_/_/_/

 :: Spring Boot ::                (v3.3.5)

2026-05-30T12:15:58.404+07:00  INFO 20884 --- [trashformer] [  restartedMain] com.example.TrashformerApplication       : Starting TrashformerApplication using Java 25.0.2 with PID 20884 (D:\pboprojek\trashformer\target\classes started by ASUS in D:\pboprojek\trashformer)
2026-05-30T12:15:58.405+07:00  INFO 20884 --- [trashformer] [  restartedMain] com.example.TrashformerApplication       : No active profile set, falling back to 1 default profile: "default"
2026-05-30T12:15:58.838+07:00  INFO 20884 --- [trashformer] [  restartedMain] .s.d.r.c.RepositoryConfigurationDelegate : Bootstrapping Spring Data JPA repositories in DEFAULT mode.
2026-05-30T12:15:58.881+07:00  INFO 20884 --- [trashformer] [  restartedMain] .s.d.r.c.RepositoryConfigurationDelegate : Finished Spring Data repository scanning in 41 ms. Found 5 JPA repository interfaces.
2026-05-30T12:15:59.107+07:00  INFO 20884 --- [trashformer] [  restartedMain] o.s.b.w.embedded.tomcat.TomcatWebServer  : Tomcat initialized with port 8080 (http)
2026-05-30T12:15:59.109+07:00  INFO 20884 --- [trashformer] [  restartedMain] o.apache.catalina.core.StandardService   : Starting service [Tomcat]
2026-05-30T12:15:59.109+07:00  INFO 20884 --- [trashformer] [  restartedMain] o.apache.catalina.core.StandardEngine    : Starting Servlet engine: [Apache Tomcat/10.1.31]
2026-05-30T12:15:59.141+07:00  INFO 20884 --- [trashformer] [  restartedMain] o.a.c.c.C.[Tomcat].[localhost].[/]       : Initializing Spring embedded WebApplicationContext
2026-05-30T12:15:59.142+07:00  INFO 20884 --- [trashformer] [  restartedMain] w.s.c.ServletWebServerApplicationContext : Root WebApplicationContext: initialization completed in 733 ms
2026-05-30T12:15:59.224+07:00  INFO 20884 --- [trashformer] [  restartedMain] o.hibernate.jpa.internal.util.LogHelper  : HHH000204: Processing PersistenceUnitInfo [name: default]
2026-05-30T12:15:59.229+07:00  INFO 20884 --- [trashformer] [  restartedMain] o.h.c.internal.RegionFactoryInitiator    : HHH000026: Second-level cache disabled
2026-05-30T12:15:59.243+07:00  INFO 20884 --- [trashformer] [  restartedMain] o.s.o.j.p.SpringPersistenceUnitInfo      : No LoadTimeWeaver setup: ignoring JPA class transformer
2026-05-30T12:15:59.245+07:00  INFO 20884 --- [trashformer] [  restartedMain] com.zaxxer.hikari.HikariDataSource       : HikariPool-8 - Starting...
2026-05-30T12:15:59.251+07:00  INFO 20884 --- [trashformer] [  restartedMain] com.zaxxer.hikari.pool.HikariPool        : HikariPool-8 - Added connection com.mysql.cj.jdbc.ConnectionImpl@7caa011e
2026-05-30T12:15:59.252+07:00  INFO 20884 --- [trashformer] [  restartedMain] com.zaxxer.hikari.HikariDataSource       : HikariPool-8 - Start completed.
2026-05-30T12:15:59.253+07:00  WARN 20884 --- [trashformer] [  restartedMain] org.hibernate.dialect.Dialect            : HHH000511: The 5.5.5 version for [org.hibernate.dialect.MySQLDialect] is no longer supported, hence certain features may not work properly. The minimum supported version is 8.0.0. Check the community dialects project for available legacy versions.
2026-05-30T12:15:59.255+07:00  WARN 20884 --- [trashformer] [  restartedMain] org.hibernate.orm.deprecation            : HHH90000025: MySQLDialect does not need to be specified explicitly using 'hibernate.dialect' (remove the property setting and it will be selected by default)
2026-05-30T12:15:59.421+07:00  INFO 20884 --- [trashformer] [  restartedMain] o.h.e.t.j.p.i.JtaPlatformInitiator       : HHH000489: No JTA platform available (set 'hibernate.transaction.jta.platform' to enable JTA platform integration)
2026-05-30T12:15:59.501+07:00  INFO 20884 --- [trashformer] [  restartedMain] j.LocalContainerEntityManagerFactoryBean : Initialized JPA EntityManagerFactory for persistence unit 'default'
2026-05-30T12:15:59.794+07:00  WARN 20884 --- [trashformer] [  restartedMain] JpaBaseConfiguration$JpaWebConfiguration : spring.jpa.open-in-view is enabled by default. Therefore, database queries may be performed during view rendering. Explicitly configure spring.jpa.open-in-view to disable this warning
2026-05-30T12:15:59.812+07:00  INFO 20884 --- [trashformer] [  restartedMain] r$InitializeUserDetailsManagerConfigurer : Global AuthenticationManager configured with UserDetailsService bean with name customUserDetailsService
2026-05-30T12:16:00.089+07:00  INFO 20884 --- [trashformer] [  restartedMain] o.s.b.d.a.OptionalLiveReloadServer       : LiveReload server is running on port 35729
2026-05-30T12:16:00.112+07:00  INFO 20884 --- [trashformer] [  restartedMain] o.s.b.w.embedded.tomcat.TomcatWebServer  : Tomcat started on port 8080 (http) with context path '/'
2026-05-30T12:16:00.118+07:00  INFO 20884 --- [trashformer] [  restartedMain] com.example.TrashformerApplication       : Started TrashformerApplication in 1.769 seconds (process running for 1231.725)
2026-05-30T12:16:00.121+07:00  INFO 20884 --- [trashformer] [  restartedMain] .ConditionEvaluationDeltaLoggingListener : Condition evaluation unchanged
2026-05-30T12:16:04.583+07:00  INFO 20884 --- [trashformer] [   File Watcher] rtingClassPathChangeChangedEventListener : Restarting due to 1 class path change (0 additions, 0 deletions, 1 modification)
2026-05-30T12:16:04.673+07:00  INFO 20884 --- [trashformer] [      Thread-31] j.LocalContainerEntityManagerFactoryBean : Closing JPA EntityManagerFactory for persistence unit 'default'
2026-05-30T12:16:04.674+07:00  INFO 20884 --- [trashformer] [      Thread-31] com.zaxxer.hikari.HikariDataSource       : HikariPool-8 - Shutdown initiated...
2026-05-30T12:16:04.682+07:00  INFO 20884 --- [trashformer] [      Thread-31] com.zaxxer.hikari.HikariDataSource       : HikariPool-8 - Shutdown completed.

  .   ____          _            __ _ _
 /\\ / ___'_ __ _ _(_)_ __  __ _ \ \ \ \
( ( )\___ | '_ | '_| | '_ \/ _` | \ \ \ \
 \\/  ___)| |_)| | | | | || (_| |  ) ) ) )
  '  |____| .__|_| |_|_| |_\__, | / / / /
 =========|_|==============|___/=/_/_/_/

 :: Spring Boot ::                (v3.3.5)

2026-05-30T12:16:04.822+07:00  INFO 20884 --- [trashformer] [  restartedMain] com.example.TrashformerApplication       : Starting TrashformerApplication using Java 25.0.2 with PID 20884 (D:\pboprojek\trashformer\target\classes started by ASUS in D:\pboprojek\trashformer)
2026-05-30T12:16:04.824+07:00  INFO 20884 --- [trashformer] [  restartedMain] com.example.TrashformerApplication       : No active profile set, falling back to 1 default profile: "default"
2026-05-30T12:16:05.288+07:00  INFO 20884 --- [trashformer] [  restartedMain] .s.d.r.c.RepositoryConfigurationDelegate : Bootstrapping Spring Data JPA repositories in DEFAULT mode.
2026-05-30T12:16:05.361+07:00  INFO 20884 --- [trashformer] [  restartedMain] .s.d.r.c.RepositoryConfigurationDelegate : Finished Spring Data repository scanning in 38 ms. Found 5 JPA repository interfaces.
2026-05-30T12:16:05.601+07:00  INFO 20884 --- [trashformer] [  restartedMain] o.s.b.w.embedded.tomcat.TomcatWebServer  : Tomcat initialized with port 8080 (http)
2026-05-30T12:16:05.603+07:00  INFO 20884 --- [trashformer] [  restartedMain] o.apache.catalina.core.StandardService   : Starting service [Tomcat]
2026-05-30T12:16:05.605+07:00  INFO 20884 --- [trashformer] [  restartedMain] o.apache.catalina.core.StandardEngine    : Starting Servlet engine: [Apache Tomcat/10.1.31]
2026-05-30T12:16:05.645+07:00  INFO 20884 --- [trashformer] [  restartedMain] o.a.c.c.C.[Tomcat].[localhost].[/]       : Initializing Spring embedded WebApplicationContext
2026-05-30T12:16:05.647+07:00  INFO 20884 --- [trashformer] [  restartedMain] w.s.c.ServletWebServerApplicationContext : Root WebApplicationContext: initialization completed in 819 ms
2026-05-30T12:16:05.745+07:00  INFO 20884 --- [trashformer] [  restartedMain] o.hibernate.jpa.internal.util.LogHelper  : HHH000204: Processing PersistenceUnitInfo [name: default]
2026-05-30T12:16:05.749+07:00  INFO 20884 --- [trashformer] [  restartedMain] o.h.c.internal.RegionFactoryInitiator    : HHH000026: Second-level cache disabled
2026-05-30T12:16:05.764+07:00  INFO 20884 --- [trashformer] [  restartedMain] o.s.o.j.p.SpringPersistenceUnitInfo      : No LoadTimeWeaver setup: ignoring JPA class transformer
2026-05-30T12:16:05.765+07:00  INFO 20884 --- [trashformer] [  restartedMain] com.zaxxer.hikari.HikariDataSource       : HikariPool-9 - Starting...
2026-05-30T12:16:05.773+07:00  INFO 20884 --- [trashformer] [  restartedMain] com.zaxxer.hikari.pool.HikariPool        : HikariPool-9 - Added connection com.mysql.cj.jdbc.ConnectionImpl@19a3e96e
2026-05-30T12:16:05.774+07:00  INFO 20884 --- [trashformer] [  restartedMain] com.zaxxer.hikari.HikariDataSource       : HikariPool-9 - Start completed.
2026-05-30T12:16:05.777+07:00  WARN 20884 --- [trashformer] [  restartedMain] org.hibernate.dialect.Dialect            : HHH000511: The 5.5.5 version for [org.hibernate.dialect.MySQLDialect] is no longer supported, hence certain features may not work properly. The minimum supported version is 8.0.0. Check the community dialects project for available legacy versions.
2026-05-30T12:16:05.778+07:00  WARN 20884 --- [trashformer] [  restartedMain] org.hibernate.orm.deprecation            : HHH90000025: MySQLDialect does not need to be specified explicitly using 'hibernate.dialect' (remove the property setting and it will be selected by default)
2026-05-30T12:16:05.983+07:00  INFO 20884 --- [trashformer] [  restartedMain] o.h.e.t.j.p.i.JtaPlatformInitiator       : HHH000489: No JTA platform available (set 'hibernate.transaction.jta.platform' to enable JTA platform integration)
2026-05-30T12:16:06.101+07:00  INFO 20884 --- [trashformer] [  restartedMain] j.LocalContainerEntityManagerFactoryBean : Initialized JPA EntityManagerFactory for persistence unit 'default'
2026-05-30T12:16:06.475+07:00  WARN 20884 --- [trashformer] [  restartedMain] JpaBaseConfiguration$JpaWebConfiguration : spring.jpa.open-in-view is enabled by default. Therefore, database queries may be performed during view rendering. Explicitly configure spring.jpa.open-in-view to disable this warning
2026-05-30T12:16:06.517+07:00  INFO 20884 --- [trashformer] [  restartedMain] r$InitializeUserDetailsManagerConfigurer : Global AuthenticationManager configured with UserDetailsService bean with name customUserDetailsService
2026-05-30T12:16:06.814+07:00  INFO 20884 --- [trashformer] [  restartedMain] o.s.b.d.a.OptionalLiveReloadServer       : LiveReload server is running on port 35729
2026-05-30T12:16:06.853+07:00  INFO 20884 --- [trashformer] [  restartedMain] o.s.b.w.embedded.tomcat.TomcatWebServer  : Tomcat started on port 8080 (http) with context path '/'
2026-05-30T12:16:06.860+07:00  INFO 20884 --- [trashformer] [  restartedMain] com.example.TrashformerApplication       : Started TrashformerApplication in 2.083 seconds (process running for 1238.466)
2026-05-30T12:16:06.862+07:00  INFO 20884 --- [trashformer] [  restartedMain] .ConditionEvaluationDeltaLoggingListener : Condition evaluation unchanged
2026-05-30T12:16:11.269+07:00  INFO 20884 --- [trashformer] [   File Watcher] rtingClassPathChangeChangedEventListener : Restarting due to 1 class path change (0 additions, 0 deletions, 1 modification)
2026-05-30T12:16:11.320+07:00  INFO 20884 --- [trashformer] [      Thread-35] j.LocalContainerEntityManagerFactoryBean : Closing JPA EntityManagerFactory for persistence unit 'default'
2026-05-30T12:16:11.322+07:00  INFO 20884 --- [trashformer] [      Thread-35] com.zaxxer.hikari.HikariDataSource       : HikariPool-9 - Shutdown initiated...
2026-05-30T12:16:11.327+07:00  INFO 20884 --- [trashformer] [      Thread-35] com.zaxxer.hikari.HikariDataSource       : HikariPool-9 - Shutdown completed.

  .   ____          _            __ _ _
 /\\ / ___'_ __ _ _(_)_ __  __ _ \ \ \ \
( ( )\___ | '_ | '_| | '_ \/ _` | \ \ \ \
 \\/  ___)| |_)| | | | | || (_| |  ) ) ) )
  '  |____| .__|_| |_|_| |_\__, | / / / /
 =========|_|==============|___/=/_/_/_/

 :: Spring Boot ::                (v3.3.5)

2026-05-30T12:16:11.481+07:00  INFO 20884 --- [trashformer] [  restartedMain] com.example.TrashformerApplication       : Starting TrashformerApplication using Java 25.0.2 with PID 20884 (D:\pboprojek\trashformer\target\classes started by ASUS in D:\pboprojek\trashformer)
2026-05-30T12:16:11.482+07:00  INFO 20884 --- [trashformer] [  restartedMain] com.example.TrashformerApplication       : No active profile set, falling back to 1 default profile: "default"
2026-05-30T12:16:12.041+07:00  INFO 20884 --- [trashformer] [  restartedMain] .s.d.r.c.RepositoryConfigurationDelegate : Bootstrapping Spring Data JPA repositories in DEFAULT mode.
2026-05-30T12:16:12.096+07:00  INFO 20884 --- [trashformer] [  restartedMain] .s.d.r.c.RepositoryConfigurationDelegate : Finished Spring Data repository scanning in 37 ms. Found 5 JPA repository interfaces.
2026-05-30T12:16:12.318+07:00  INFO 20884 --- [trashformer] [  restartedMain] o.s.b.w.embedded.tomcat.TomcatWebServer  : Tomcat initialized with port 8080 (http)
2026-05-30T12:16:12.319+07:00  INFO 20884 --- [trashformer] [  restartedMain] o.apache.catalina.core.StandardService   : Starting service [Tomcat]
2026-05-30T12:16:12.320+07:00  INFO 20884 --- [trashformer] [  restartedMain] o.apache.catalina.core.StandardEngine    : Starting Servlet engine: [Apache Tomcat/10.1.31]
2026-05-30T12:16:12.350+07:00  INFO 20884 --- [trashformer] [  restartedMain] o.a.c.c.C.[Tomcat].[localhost].[/]       : Initializing Spring embedded WebApplicationContext
2026-05-30T12:16:12.406+07:00  INFO 20884 --- [trashformer] [  restartedMain] w.s.c.ServletWebServerApplicationContext : Root WebApplicationContext: initialization completed in 920 ms
2026-05-30T12:16:12.498+07:00  INFO 20884 --- [trashformer] [  restartedMain] o.hibernate.jpa.internal.util.LogHelper  : HHH000204: Processing PersistenceUnitInfo [name: default]
2026-05-30T12:16:12.502+07:00  INFO 20884 --- [trashformer] [  restartedMain] o.h.c.internal.RegionFactoryInitiator    : HHH000026: Second-level cache disabled
2026-05-30T12:16:12.515+07:00  INFO 20884 --- [trashformer] [  restartedMain] o.s.o.j.p.SpringPersistenceUnitInfo      : No LoadTimeWeaver setup: ignoring JPA class transformer
2026-05-30T12:16:12.517+07:00  INFO 20884 --- [trashformer] [  restartedMain] com.zaxxer.hikari.HikariDataSource       : HikariPool-10 - Starting...
2026-05-30T12:16:12.522+07:00  INFO 20884 --- [trashformer] [  restartedMain] com.zaxxer.hikari.pool.HikariPool        : HikariPool-10 - Added connection com.mysql.cj.jdbc.ConnectionImpl@280cf832
2026-05-30T12:16:12.523+07:00  INFO 20884 --- [trashformer] [  restartedMain] com.zaxxer.hikari.HikariDataSource       : HikariPool-10 - Start completed.
2026-05-30T12:16:12.525+07:00  WARN 20884 --- [trashformer] [  restartedMain] org.hibernate.dialect.Dialect            : HHH000511: The 5.5.5 version for [org.hibernate.dialect.MySQLDialect] is no longer supported, hence certain features may not work properly. The minimum supported version is 8.0.0. Check the community dialects project for available legacy versions.
2026-05-30T12:16:12.526+07:00  WARN 20884 --- [trashformer] [  restartedMain] org.hibernate.orm.deprecation            : HHH90000025: MySQLDialect does not need to be specified explicitly using 'hibernate.dialect' (remove the property setting and it will be selected by default)
2026-05-30T12:16:12.665+07:00  INFO 20884 --- [trashformer] [  restartedMain] o.h.e.t.j.p.i.JtaPlatformInitiator       : HHH000489: No JTA platform available (set 'hibernate.transaction.jta.platform' to enable JTA platform integration)
2026-05-30T12:16:12.756+07:00  INFO 20884 --- [trashformer] [  restartedMain] j.LocalContainerEntityManagerFactoryBean : Initialized JPA EntityManagerFactory for persistence unit 'default'
2026-05-30T12:16:13.019+07:00  WARN 20884 --- [trashformer] [  restartedMain] JpaBaseConfiguration$JpaWebConfiguration : spring.jpa.open-in-view is enabled by default. Therefore, database queries may be performed during view rendering. Explicitly configure spring.jpa.open-in-view to disable this warning
2026-05-30T12:16:13.051+07:00  INFO 20884 --- [trashformer] [  restartedMain] r$InitializeUserDetailsManagerConfigurer : Global AuthenticationManager configured with UserDetailsService bean with name customUserDetailsService
2026-05-30T12:16:13.273+07:00  INFO 20884 --- [trashformer] [  restartedMain] o.s.b.d.a.OptionalLiveReloadServer       : LiveReload server is running on port 35729
2026-05-30T12:16:13.309+07:00  INFO 20884 --- [trashformer] [  restartedMain] o.s.b.w.embedded.tomcat.TomcatWebServer  : Tomcat started on port 8080 (http) with context path '/'
2026-05-30T12:16:13.315+07:00  INFO 20884 --- [trashformer] [  restartedMain] com.example.TrashformerApplication       : Started TrashformerApplication in 1.88 seconds (process running for 1244.922)
2026-05-30T12:16:13.317+07:00  INFO 20884 --- [trashformer] [  restartedMain] .ConditionEvaluationDeltaLoggingListener : Condition evaluation unchanged
2026-05-30T12:16:25.831+07:00  INFO 20884 --- [trashformer] [   File Watcher] rtingClassPathChangeChangedEventListener : Restarting due to 1 class path change (0 additions, 0 deletions, 1 modification)
2026-05-30T12:16:25.883+07:00  INFO 20884 --- [trashformer] [      Thread-39] j.LocalContainerEntityManagerFactoryBean : Closing JPA EntityManagerFactory for persistence unit 'default'
2026-05-30T12:16:25.885+07:00  INFO 20884 --- [trashformer] [      Thread-39] com.zaxxer.hikari.HikariDataSource       : HikariPool-10 - Shutdown initiated...
2026-05-30T12:16:25.891+07:00  INFO 20884 --- [trashformer] [      Thread-39] com.zaxxer.hikari.HikariDataSource       : HikariPool-10 - Shutdown completed.

  .   ____          _            __ _ _
 /\\ / ___'_ __ _ _(_)_ __  __ _ \ \ \ \
( ( )\___ | '_ | '_| | '_ \/ _` | \ \ \ \
 \\/  ___)| |_)| | | | | || (_| |  ) ) ) )
  '  |____| .__|_| |_|_| |_\__, | / / / /
 =========|_|==============|___/=/_/_/_/

 :: Spring Boot ::                (v3.3.5)

2026-05-30T12:16:26.060+07:00  INFO 20884 --- [trashformer] [  restartedMain] com.example.TrashformerApplication       : Starting TrashformerApplication using Java 25.0.2 with PID 20884 (D:\pboprojek\trashformer\target\classes started by ASUS in D:\pboprojek\trashformer)
2026-05-30T12:16:26.061+07:00  INFO 20884 --- [trashformer] [  restartedMain] com.example.TrashformerApplication       : No active profile set, falling back to 1 default profile: "default"
2026-05-30T12:16:26.584+07:00  INFO 20884 --- [trashformer] [  restartedMain] .s.d.r.c.RepositoryConfigurationDelegate : Bootstrapping Spring Data JPA repositories in DEFAULT mode.
2026-05-30T12:16:26.632+07:00  INFO 20884 --- [trashformer] [  restartedMain] .s.d.r.c.RepositoryConfigurationDelegate : Finished Spring Data repository scanning in 46 ms. Found 5 JPA repository interfaces.
2026-05-30T12:16:26.821+07:00  INFO 20884 --- [trashformer] [  restartedMain] o.s.b.w.embedded.tomcat.TomcatWebServer  : Tomcat initialized with port 8080 (http)
2026-05-30T12:16:26.840+07:00  INFO 20884 --- [trashformer] [  restartedMain] o.apache.catalina.core.StandardService   : Starting service [Tomcat]
2026-05-30T12:16:26.840+07:00  INFO 20884 --- [trashformer] [  restartedMain] o.apache.catalina.core.StandardEngine    : Starting Servlet engine: [Apache Tomcat/10.1.31]
2026-05-30T12:16:26.869+07:00  INFO 20884 --- [trashformer] [  restartedMain] o.a.c.c.C.[Tomcat].[localhost].[/]       : Initializing Spring embedded WebApplicationContext
2026-05-30T12:16:26.869+07:00  INFO 20884 --- [trashformer] [  restartedMain] w.s.c.ServletWebServerApplicationContext : Root WebApplicationContext: initialization completed in 805 ms
2026-05-30T12:16:26.941+07:00  INFO 20884 --- [trashformer] [  restartedMain] o.hibernate.jpa.internal.util.LogHelper  : HHH000204: Processing PersistenceUnitInfo [name: default]
2026-05-30T12:16:26.944+07:00  INFO 20884 --- [trashformer] [  restartedMain] o.h.c.internal.RegionFactoryInitiator    : HHH000026: Second-level cache disabled
2026-05-30T12:16:26.954+07:00  INFO 20884 --- [trashformer] [  restartedMain] o.s.o.j.p.SpringPersistenceUnitInfo      : No LoadTimeWeaver setup: ignoring JPA class transformer
2026-05-30T12:16:26.956+07:00  INFO 20884 --- [trashformer] [  restartedMain] com.zaxxer.hikari.HikariDataSource       : HikariPool-11 - Starting...
2026-05-30T12:16:26.961+07:00  INFO 20884 --- [trashformer] [  restartedMain] com.zaxxer.hikari.pool.HikariPool        : HikariPool-11 - Added connection com.mysql.cj.jdbc.ConnectionImpl@5a51dda5
2026-05-30T12:16:26.962+07:00  INFO 20884 --- [trashformer] [  restartedMain] com.zaxxer.hikari.HikariDataSource       : HikariPool-11 - Start completed.
2026-05-30T12:16:26.965+07:00  WARN 20884 --- [trashformer] [  restartedMain] org.hibernate.dialect.Dialect            : HHH000511: The 5.5.5 version for [org.hibernate.dialect.MySQLDialect] is no longer supported, hence certain features may not work properly. The minimum supported version is 8.0.0. Check the community dialects project for available legacy versions.
2026-05-30T12:16:26.966+07:00  WARN 20884 --- [trashformer] [  restartedMain] org.hibernate.orm.deprecation            : HHH90000025: MySQLDialect does not need to be specified explicitly using 'hibernate.dialect' (remove the property setting and it will be selected by default)
2026-05-30T12:16:27.092+07:00  INFO 20884 --- [trashformer] [  restartedMain] o.h.e.t.j.p.i.JtaPlatformInitiator       : HHH000489: No JTA platform available (set 'hibernate.transaction.jta.platform' to enable JTA platform integration)
2026-05-30T12:16:27.184+07:00  INFO 20884 --- [trashformer] [  restartedMain] j.LocalContainerEntityManagerFactoryBean : Initialized JPA EntityManagerFactory for persistence unit 'default'
2026-05-30T12:16:27.504+07:00  WARN 20884 --- [trashformer] [  restartedMain] JpaBaseConfiguration$JpaWebConfiguration : spring.jpa.open-in-view is enabled by default. Therefore, database queries may be performed during view rendering. Explicitly configure spring.jpa.open-in-view to disable this warning
2026-05-30T12:16:27.533+07:00  INFO 20884 --- [trashformer] [  restartedMain] r$InitializeUserDetailsManagerConfigurer : Global AuthenticationManager configured with UserDetailsService bean with name customUserDetailsService
2026-05-30T12:16:27.756+07:00  INFO 20884 --- [trashformer] [  restartedMain] o.s.b.d.a.OptionalLiveReloadServer       : LiveReload server is running on port 35729
2026-05-30T12:16:27.774+07:00  INFO 20884 --- [trashformer] [  restartedMain] o.s.b.w.embedded.tomcat.TomcatWebServer  : Tomcat started on port 8080 (http) with context path '/'
2026-05-30T12:16:27.779+07:00  INFO 20884 --- [trashformer] [  restartedMain] com.example.TrashformerApplication       : Started TrashformerApplication in 1.789 seconds (process running for 1259.387)
2026-05-30T12:16:27.782+07:00  INFO 20884 --- [trashformer] [  restartedMain] .ConditionEvaluationDeltaLoggingListener : Condition evaluation unchanged
2026-05-30T12:16:34.227+07:00  INFO 20884 --- [trashformer] [   File Watcher] rtingClassPathChangeChangedEventListener : Restarting due to 1 class path change (0 additions, 0 deletions, 1 modification)
2026-05-30T12:16:34.249+07:00  INFO 20884 --- [trashformer] [      Thread-43] j.LocalContainerEntityManagerFactoryBean : Closing JPA EntityManagerFactory for persistence unit 'default'
2026-05-30T12:16:34.251+07:00  INFO 20884 --- [trashformer] [      Thread-43] com.zaxxer.hikari.HikariDataSource       : HikariPool-11 - Shutdown initiated...
2026-05-30T12:16:34.254+07:00  INFO 20884 --- [trashformer] [      Thread-43] com.zaxxer.hikari.HikariDataSource       : HikariPool-11 - Shutdown completed.

  .   ____          _            __ _ _
 /\\ / ___'_ __ _ _(_)_ __  __ _ \ \ \ \
( ( )\___ | '_ | '_| | '_ \/ _` | \ \ \ \
 \\/  ___)| |_)| | | | | || (_| |  ) ) ) )
  '  |____| .__|_| |_|_| |_\__, | / / / /
 =========|_|==============|___/=/_/_/_/

 :: Spring Boot ::                (v3.3.5)

2026-05-30T12:16:34.379+07:00  INFO 20884 --- [trashformer] [  restartedMain] com.example.TrashformerApplication       : Starting TrashformerApplication using Java 25.0.2 with PID 20884 (D:\pboprojek\trashformer\target\classes started by ASUS in D:\pboprojek\trashformer)
2026-05-30T12:16:34.379+07:00  INFO 20884 --- [trashformer] [  restartedMain] com.example.TrashformerApplication       : No active profile set, falling back to 1 default profile: "default"
2026-05-30T12:16:34.684+07:00  INFO 20884 --- [trashformer] [  restartedMain] .s.d.r.c.RepositoryConfigurationDelegate : Bootstrapping Spring Data JPA repositories in DEFAULT mode.
2026-05-30T12:16:34.730+07:00  INFO 20884 --- [trashformer] [  restartedMain] .s.d.r.c.RepositoryConfigurationDelegate : Finished Spring Data repository scanning in 28 ms. Found 5 JPA repository interfaces.
2026-05-30T12:16:34.925+07:00  INFO 20884 --- [trashformer] [  restartedMain] o.s.b.w.embedded.tomcat.TomcatWebServer  : Tomcat initialized with port 8080 (http)
2026-05-30T12:16:34.932+07:00  INFO 20884 --- [trashformer] [  restartedMain] o.apache.catalina.core.StandardService   : Starting service [Tomcat]
2026-05-30T12:16:34.933+07:00  INFO 20884 --- [trashformer] [  restartedMain] o.apache.catalina.core.StandardEngine    : Starting Servlet engine: [Apache Tomcat/10.1.31]
2026-05-30T12:16:34.969+07:00  INFO 20884 --- [trashformer] [  restartedMain] o.a.c.c.C.[Tomcat].[localhost].[/]       : Initializing Spring embedded WebApplicationContext
2026-05-30T12:16:34.969+07:00  INFO 20884 --- [trashformer] [  restartedMain] w.s.c.ServletWebServerApplicationContext : Root WebApplicationContext: initialization completed in 585 ms
2026-05-30T12:16:35.060+07:00  INFO 20884 --- [trashformer] [  restartedMain] o.hibernate.jpa.internal.util.LogHelper  : HHH000204: Processing PersistenceUnitInfo [name: default]
2026-05-30T12:16:35.065+07:00  INFO 20884 --- [trashformer] [  restartedMain] o.h.c.internal.RegionFactoryInitiator    : HHH000026: Second-level cache disabled
2026-05-30T12:16:35.081+07:00  INFO 20884 --- [trashformer] [  restartedMain] o.s.o.j.p.SpringPersistenceUnitInfo      : No LoadTimeWeaver setup: ignoring JPA class transformer
2026-05-30T12:16:35.084+07:00  INFO 20884 --- [trashformer] [  restartedMain] com.zaxxer.hikari.HikariDataSource       : HikariPool-12 - Starting...
2026-05-30T12:16:35.089+07:00  INFO 20884 --- [trashformer] [  restartedMain] com.zaxxer.hikari.pool.HikariPool        : HikariPool-12 - Added connection com.mysql.cj.jdbc.ConnectionImpl@2573c94f
2026-05-30T12:16:35.089+07:00  INFO 20884 --- [trashformer] [  restartedMain] com.zaxxer.hikari.HikariDataSource       : HikariPool-12 - Start completed.
2026-05-30T12:16:35.091+07:00  WARN 20884 --- [trashformer] [  restartedMain] org.hibernate.dialect.Dialect            : HHH000511: The 5.5.5 version for [org.hibernate.dialect.MySQLDialect] is no longer supported, hence certain features may not work properly. The minimum supported version is 8.0.0. Check the community dialects project for available legacy versions.
2026-05-30T12:16:35.092+07:00  WARN 20884 --- [trashformer] [  restartedMain] org.hibernate.orm.deprecation            : HHH90000025: MySQLDialect does not need to be specified explicitly using 'hibernate.dialect' (remove the property setting and it will be selected by default)
2026-05-30T12:16:35.257+07:00  INFO 20884 --- [trashformer] [  restartedMain] o.h.e.t.j.p.i.JtaPlatformInitiator       : HHH000489: No JTA platform available (set 'hibernate.transaction.jta.platform' to enable JTA platform integration)
2026-05-30T12:16:35.369+07:00  INFO 20884 --- [trashformer] [  restartedMain] j.LocalContainerEntityManagerFactoryBean : Initialized JPA EntityManagerFactory for persistence unit 'default'
2026-05-30T12:16:35.727+07:00  WARN 20884 --- [trashformer] [  restartedMain] JpaBaseConfiguration$JpaWebConfiguration : spring.jpa.open-in-view is enabled by default. Therefore, database queries may be performed during view rendering. Explicitly configure spring.jpa.open-in-view to disable this warning
2026-05-30T12:16:35.761+07:00  INFO 20884 --- [trashformer] [  restartedMain] r$InitializeUserDetailsManagerConfigurer : Global AuthenticationManager configured with UserDetailsService bean with name customUserDetailsService
2026-05-30T12:16:35.995+07:00  INFO 20884 --- [trashformer] [  restartedMain] o.s.b.d.a.OptionalLiveReloadServer       : LiveReload server is running on port 35729
2026-05-30T12:16:36.028+07:00  INFO 20884 --- [trashformer] [  restartedMain] o.s.b.w.embedded.tomcat.TomcatWebServer  : Tomcat started on port 8080 (http) with context path '/'
2026-05-30T12:16:36.033+07:00  INFO 20884 --- [trashformer] [  restartedMain] com.example.TrashformerApplication       : Started TrashformerApplication in 1.69 seconds (process running for 1267.64)
2026-05-30T12:16:36.035+07:00  INFO 20884 --- [trashformer] [  restartedMain] .ConditionEvaluationDeltaLoggingListener : Condition evaluation unchanged
2026-05-30T12:16:41.458+07:00  INFO 20884 --- [trashformer] [   File Watcher] rtingClassPathChangeChangedEventListener : Restarting due to 1 class path change (0 additions, 0 deletions, 1 modification)
2026-05-30T12:16:41.497+07:00  INFO 20884 --- [trashformer] [      Thread-47] j.LocalContainerEntityManagerFactoryBean : Closing JPA EntityManagerFactory for persistence unit 'default'
2026-05-30T12:16:41.499+07:00  INFO 20884 --- [trashformer] [      Thread-47] com.zaxxer.hikari.HikariDataSource       : HikariPool-12 - Shutdown initiated...
2026-05-30T12:16:41.505+07:00  INFO 20884 --- [trashformer] [      Thread-47] com.zaxxer.hikari.HikariDataSource       : HikariPool-12 - Shutdown completed.

  .   ____          _            __ _ _
 /\\ / ___'_ __ _ _(_)_ __  __ _ \ \ \ \
( ( )\___ | '_ | '_| | '_ \/ _` | \ \ \ \
 \\/  ___)| |_)| | | | | || (_| |  ) ) ) )
  '  |____| .__|_| |_|_| |_\__, | / / / /
 =========|_|==============|___/=/_/_/_/

 :: Spring Boot ::                (v3.3.5)

2026-05-30T12:16:41.711+07:00  INFO 20884 --- [trashformer] [  restartedMain] com.example.TrashformerApplication       : Starting TrashformerApplication using Java 25.0.2 with PID 20884 (D:\pboprojek\trashformer\target\classes started by ASUS in D:\pboprojek\trashformer)
2026-05-30T12:16:41.712+07:00  INFO 20884 --- [trashformer] [  restartedMain] com.example.TrashformerApplication       : No active profile set, falling back to 1 default profile: "default"
2026-05-30T12:16:42.079+07:00  INFO 20884 --- [trashformer] [  restartedMain] .s.d.r.c.RepositoryConfigurationDelegate : Bootstrapping Spring Data JPA repositories in DEFAULT mode.
2026-05-30T12:16:42.130+07:00  INFO 20884 --- [trashformer] [  restartedMain] .s.d.r.c.RepositoryConfigurationDelegate : Finished Spring Data repository scanning in 32 ms. Found 5 JPA repository interfaces.
2026-05-30T12:16:42.301+07:00  INFO 20884 --- [trashformer] [  restartedMain] o.s.b.w.embedded.tomcat.TomcatWebServer  : Tomcat initialized with port 8080 (http)
2026-05-30T12:16:42.320+07:00  INFO 20884 --- [trashformer] [  restartedMain] o.apache.catalina.core.StandardService   : Starting service [Tomcat]
2026-05-30T12:16:42.322+07:00  INFO 20884 --- [trashformer] [  restartedMain] o.apache.catalina.core.StandardEngine    : Starting Servlet engine: [Apache Tomcat/10.1.31]
2026-05-30T12:16:42.357+07:00  INFO 20884 --- [trashformer] [  restartedMain] o.a.c.c.C.[Tomcat].[localhost].[/]       : Initializing Spring embedded WebApplicationContext
2026-05-30T12:16:42.358+07:00  INFO 20884 --- [trashformer] [  restartedMain] w.s.c.ServletWebServerApplicationContext : Root WebApplicationContext: initialization completed in 642 ms
2026-05-30T12:16:42.436+07:00  INFO 20884 --- [trashformer] [  restartedMain] o.hibernate.jpa.internal.util.LogHelper  : HHH000204: Processing PersistenceUnitInfo [name: default]
2026-05-30T12:16:42.439+07:00  INFO 20884 --- [trashformer] [  restartedMain] o.h.c.internal.RegionFactoryInitiator    : HHH000026: Second-level cache disabled
2026-05-30T12:16:42.450+07:00  INFO 20884 --- [trashformer] [  restartedMain] o.s.o.j.p.SpringPersistenceUnitInfo      : No LoadTimeWeaver setup: ignoring JPA class transformer
2026-05-30T12:16:42.453+07:00  INFO 20884 --- [trashformer] [  restartedMain] com.zaxxer.hikari.HikariDataSource       : HikariPool-13 - Starting...
2026-05-30T12:16:42.458+07:00  INFO 20884 --- [trashformer] [  restartedMain] com.zaxxer.hikari.pool.HikariPool        : HikariPool-13 - Added connection com.mysql.cj.jdbc.ConnectionImpl@2c137845
2026-05-30T12:16:42.459+07:00  INFO 20884 --- [trashformer] [  restartedMain] com.zaxxer.hikari.HikariDataSource       : HikariPool-13 - Start completed.
2026-05-30T12:16:42.460+07:00  WARN 20884 --- [trashformer] [  restartedMain] org.hibernate.dialect.Dialect            : HHH000511: The 5.5.5 version for [org.hibernate.dialect.MySQLDialect] is no longer supported, hence certain features may not work properly. The minimum supported version is 8.0.0. Check the community dialects project for available legacy versions.
2026-05-30T12:16:42.461+07:00  WARN 20884 --- [trashformer] [  restartedMain] org.hibernate.orm.deprecation            : HHH90000025: MySQLDialect does not need to be specified explicitly using 'hibernate.dialect' (remove the property setting and it will be selected by default)
2026-05-30T12:16:42.588+07:00  INFO 20884 --- [trashformer] [  restartedMain] o.h.e.t.j.p.i.JtaPlatformInitiator       : HHH000489: No JTA platform available (set 'hibernate.transaction.jta.platform' to enable JTA platform integration)
2026-05-30T12:16:42.674+07:00  INFO 20884 --- [trashformer] [  restartedMain] j.LocalContainerEntityManagerFactoryBean : Initialized JPA EntityManagerFactory for persistence unit 'default'
2026-05-30T12:16:42.980+07:00  WARN 20884 --- [trashformer] [  restartedMain] JpaBaseConfiguration$JpaWebConfiguration : spring.jpa.open-in-view is enabled by default. Therefore, database queries may be performed during view rendering. Explicitly configure spring.jpa.open-in-view to disable this warning
2026-05-30T12:16:43.158+07:00  INFO 20884 --- [trashformer] [  restartedMain] r$InitializeUserDetailsManagerConfigurer : Global AuthenticationManager configured with UserDetailsService bean with name customUserDetailsService
2026-05-30T12:16:43.375+07:00  INFO 20884 --- [trashformer] [  restartedMain] o.s.b.d.a.OptionalLiveReloadServer       : LiveReload server is running on port 35729
2026-05-30T12:16:43.411+07:00  INFO 20884 --- [trashformer] [  restartedMain] o.s.b.w.embedded.tomcat.TomcatWebServer  : Tomcat started on port 8080 (http) with context path '/'
2026-05-30T12:16:43.417+07:00  INFO 20884 --- [trashformer] [  restartedMain] com.example.TrashformerApplication       : Started TrashformerApplication in 1.773 seconds (process running for 1275.023)
2026-05-30T12:16:43.419+07:00  INFO 20884 --- [trashformer] [  restartedMain] .ConditionEvaluationDeltaLoggingListener : Condition evaluation unchanged
2026-05-30T12:16:47.827+07:00  INFO 20884 --- [trashformer] [   File Watcher] rtingClassPathChangeChangedEventListener : Restarting due to 1 class path change (0 additions, 0 deletions, 1 modification)
2026-05-30T12:16:47.864+07:00  INFO 20884 --- [trashformer] [      Thread-51] j.LocalContainerEntityManagerFactoryBean : Closing JPA EntityManagerFactory for persistence unit 'default'
2026-05-30T12:16:47.867+07:00  INFO 20884 --- [trashformer] [      Thread-51] com.zaxxer.hikari.HikariDataSource       : HikariPool-13 - Shutdown initiated...
2026-05-30T12:16:47.870+07:00  INFO 20884 --- [trashformer] [      Thread-51] com.zaxxer.hikari.HikariDataSource       : HikariPool-13 - Shutdown completed.

  .   ____          _            __ _ _
 /\\ / ___'_ __ _ _(_)_ __  __ _ \ \ \ \
( ( )\___ | '_ | '_| | '_ \/ _` | \ \ \ \
 \\/  ___)| |_)| | | | | || (_| |  ) ) ) )
  '  |____| .__|_| |_|_| |_\__, | / / / /
 =========|_|==============|___/=/_/_/_/

 :: Spring Boot ::                (v3.3.5)

2026-05-30T12:16:48.024+07:00  INFO 20884 --- [trashformer] [  restartedMain] com.example.TrashformerApplication       : Starting TrashformerApplication using Java 25.0.2 with PID 20884 (D:\pboprojek\trashformer\target\classes started by ASUS in D:\pboprojek\trashformer)
2026-05-30T12:16:48.025+07:00  INFO 20884 --- [trashformer] [  restartedMain] com.example.TrashformerApplication       : No active profile set, falling back to 1 default profile: "default"
2026-05-30T12:16:48.487+07:00  INFO 20884 --- [trashformer] [  restartedMain] .s.d.r.c.RepositoryConfigurationDelegate : Bootstrapping Spring Data JPA repositories in DEFAULT mode.
2026-05-30T12:16:48.530+07:00  INFO 20884 --- [trashformer] [  restartedMain] .s.d.r.c.RepositoryConfigurationDelegate : Finished Spring Data repository scanning in 41 ms. Found 5 JPA repository interfaces.
2026-05-30T12:16:48.795+07:00  INFO 20884 --- [trashformer] [  restartedMain] o.s.b.w.embedded.tomcat.TomcatWebServer  : Tomcat initialized with port 8080 (http)
2026-05-30T12:16:48.797+07:00  INFO 20884 --- [trashformer] [  restartedMain] o.apache.catalina.core.StandardService   : Starting service [Tomcat]
2026-05-30T12:16:48.797+07:00  INFO 20884 --- [trashformer] [  restartedMain] o.apache.catalina.core.StandardEngine    : Starting Servlet engine: [Apache Tomcat/10.1.31]
2026-05-30T12:16:48.841+07:00  INFO 20884 --- [trashformer] [  restartedMain] o.a.c.c.C.[Tomcat].[localhost].[/]       : Initializing Spring embedded WebApplicationContext
2026-05-30T12:16:48.841+07:00  INFO 20884 --- [trashformer] [  restartedMain] w.s.c.ServletWebServerApplicationContext : Root WebApplicationContext: initialization completed in 813 ms
2026-05-30T12:16:48.955+07:00  INFO 20884 --- [trashformer] [  restartedMain] o.hibernate.jpa.internal.util.LogHelper  : HHH000204: Processing PersistenceUnitInfo [name: default]
2026-05-30T12:16:48.958+07:00  INFO 20884 --- [trashformer] [  restartedMain] o.h.c.internal.RegionFactoryInitiator    : HHH000026: Second-level cache disabled
2026-05-30T12:16:48.970+07:00  INFO 20884 --- [trashformer] [  restartedMain] o.s.o.j.p.SpringPersistenceUnitInfo      : No LoadTimeWeaver setup: ignoring JPA class transformer
2026-05-30T12:16:48.972+07:00  INFO 20884 --- [trashformer] [  restartedMain] com.zaxxer.hikari.HikariDataSource       : HikariPool-14 - Starting...
2026-05-30T12:16:48.977+07:00  INFO 20884 --- [trashformer] [  restartedMain] com.zaxxer.hikari.pool.HikariPool        : HikariPool-14 - Added connection com.mysql.cj.jdbc.ConnectionImpl@d14d9f6
2026-05-30T12:16:48.978+07:00  INFO 20884 --- [trashformer] [  restartedMain] com.zaxxer.hikari.HikariDataSource       : HikariPool-14 - Start completed.
2026-05-30T12:16:48.980+07:00  WARN 20884 --- [trashformer] [  restartedMain] org.hibernate.dialect.Dialect            : HHH000511: The 5.5.5 version for [org.hibernate.dialect.MySQLDialect] is no longer supported, hence certain features may not work properly. The minimum supported version is 8.0.0. Check the community dialects project for available legacy versions.
2026-05-30T12:16:48.981+07:00  WARN 20884 --- [trashformer] [  restartedMain] org.hibernate.orm.deprecation            : HHH90000025: MySQLDialect does not need to be specified explicitly using 'hibernate.dialect' (remove the property setting and it will be selected by default)
2026-05-30T12:16:49.133+07:00  INFO 20884 --- [trashformer] [  restartedMain] o.h.e.t.j.p.i.JtaPlatformInitiator       : HHH000489: No JTA platform available (set 'hibernate.transaction.jta.platform' to enable JTA platform integration)
2026-05-30T12:16:49.239+07:00  INFO 20884 --- [trashformer] [  restartedMain] j.LocalContainerEntityManagerFactoryBean : Initialized JPA EntityManagerFactory for persistence unit 'default'
2026-05-30T12:16:49.471+07:00  WARN 20884 --- [trashformer] [  restartedMain] JpaBaseConfiguration$JpaWebConfiguration : spring.jpa.open-in-view is enabled by default. Therefore, database queries may be performed during view rendering. Explicitly configure spring.jpa.open-in-view to disable this warning
2026-05-30T12:16:49.487+07:00  INFO 20884 --- [trashformer] [  restartedMain] r$InitializeUserDetailsManagerConfigurer : Global AuthenticationManager configured with UserDetailsService bean with name customUserDetailsService
2026-05-30T12:16:49.755+07:00  INFO 20884 --- [trashformer] [  restartedMain] o.s.b.d.a.OptionalLiveReloadServer       : LiveReload server is running on port 35729
2026-05-30T12:16:49.774+07:00  INFO 20884 --- [trashformer] [  restartedMain] o.s.b.w.embedded.tomcat.TomcatWebServer  : Tomcat started on port 8080 (http) with context path '/'
2026-05-30T12:16:49.778+07:00  INFO 20884 --- [trashformer] [  restartedMain] com.example.TrashformerApplication       : Started TrashformerApplication in 1.817 seconds (process running for 1281.385)
2026-05-30T12:16:49.780+07:00  INFO 20884 --- [trashformer] [  restartedMain] .ConditionEvaluationDeltaLoggingListener : Condition evaluation unchanged
2026-05-30T12:16:55.228+07:00  INFO 20884 --- [trashformer] [   File Watcher] rtingClassPathChangeChangedEventListener : Restarting due to 1 class path change (0 additions, 0 deletions, 1 modification)
2026-05-30T12:16:55.267+07:00  INFO 20884 --- [trashformer] [      Thread-55] j.LocalContainerEntityManagerFactoryBean : Closing JPA EntityManagerFactory for persistence unit 'default'
2026-05-30T12:16:55.268+07:00  INFO 20884 --- [trashformer] [      Thread-55] com.zaxxer.hikari.HikariDataSource       : HikariPool-14 - Shutdown initiated...
2026-05-30T12:16:55.271+07:00  INFO 20884 --- [trashformer] [      Thread-55] com.zaxxer.hikari.HikariDataSource       : HikariPool-14 - Shutdown completed.

  .   ____          _            __ _ _
 /\\ / ___'_ __ _ _(_)_ __  __ _ \ \ \ \
( ( )\___ | '_ | '_| | '_ \/ _` | \ \ \ \
 \\/  ___)| |_)| | | | | || (_| |  ) ) ) )
  '  |____| .__|_| |_|_| |_\__, | / / / /
 =========|_|==============|___/=/_/_/_/

 :: Spring Boot ::                (v3.3.5)

2026-05-30T12:16:55.387+07:00  INFO 20884 --- [trashformer] [  restartedMain] com.example.TrashformerApplication       : Starting TrashformerApplication using Java 25.0.2 with PID 20884 (D:\pboprojek\trashformer\target\classes started by ASUS in D:\pboprojek\trashformer)
2026-05-30T12:16:55.389+07:00  INFO 20884 --- [trashformer] [  restartedMain] com.example.TrashformerApplication       : No active profile set, falling back to 1 default profile: "default"
2026-05-30T12:16:55.721+07:00  INFO 20884 --- [trashformer] [  restartedMain] .s.d.r.c.RepositoryConfigurationDelegate : Bootstrapping Spring Data JPA repositories in DEFAULT mode.
2026-05-30T12:16:55.771+07:00  INFO 20884 --- [trashformer] [  restartedMain] .s.d.r.c.RepositoryConfigurationDelegate : Finished Spring Data repository scanning in 32 ms. Found 5 JPA repository interfaces.
2026-05-30T12:16:55.964+07:00  INFO 20884 --- [trashformer] [  restartedMain] o.s.b.w.embedded.tomcat.TomcatWebServer  : Tomcat initialized with port 8080 (http)
2026-05-30T12:16:55.966+07:00  INFO 20884 --- [trashformer] [  restartedMain] o.apache.catalina.core.StandardService   : Starting service [Tomcat]
2026-05-30T12:16:55.966+07:00  INFO 20884 --- [trashformer] [  restartedMain] o.apache.catalina.core.StandardEngine    : Starting Servlet engine: [Apache Tomcat/10.1.31]
2026-05-30T12:16:55.998+07:00  INFO 20884 --- [trashformer] [  restartedMain] o.a.c.c.C.[Tomcat].[localhost].[/]       : Initializing Spring embedded WebApplicationContext
2026-05-30T12:16:55.999+07:00  INFO 20884 --- [trashformer] [  restartedMain] w.s.c.ServletWebServerApplicationContext : Root WebApplicationContext: initialization completed in 607 ms
2026-05-30T12:16:56.069+07:00  INFO 20884 --- [trashformer] [  restartedMain] o.hibernate.jpa.internal.util.LogHelper  : HHH000204: Processing PersistenceUnitInfo [name: default]
2026-05-30T12:16:56.073+07:00  INFO 20884 --- [trashformer] [  restartedMain] o.h.c.internal.RegionFactoryInitiator    : HHH000026: Second-level cache disabled
2026-05-30T12:16:56.085+07:00  INFO 20884 --- [trashformer] [  restartedMain] o.s.o.j.p.SpringPersistenceUnitInfo      : No LoadTimeWeaver setup: ignoring JPA class transformer
2026-05-30T12:16:56.086+07:00  INFO 20884 --- [trashformer] [  restartedMain] com.zaxxer.hikari.HikariDataSource       : HikariPool-15 - Starting...
2026-05-30T12:16:56.090+07:00  INFO 20884 --- [trashformer] [  restartedMain] com.zaxxer.hikari.pool.HikariPool        : HikariPool-15 - Added connection com.mysql.cj.jdbc.ConnectionImpl@8915d43
2026-05-30T12:16:56.091+07:00  INFO 20884 --- [trashformer] [  restartedMain] com.zaxxer.hikari.HikariDataSource       : HikariPool-15 - Start completed.
2026-05-30T12:16:56.093+07:00  WARN 20884 --- [trashformer] [  restartedMain] org.hibernate.dialect.Dialect            : HHH000511: The 5.5.5 version for [org.hibernate.dialect.MySQLDialect] is no longer supported, hence certain features may not work properly. The minimum supported version is 8.0.0. Check the community dialects project for available legacy versions.
2026-05-30T12:16:56.094+07:00  WARN 20884 --- [trashformer] [  restartedMain] org.hibernate.orm.deprecation            : HHH90000025: MySQLDialect does not need to be specified explicitly using 'hibernate.dialect' (remove the property setting and it will be selected by default)
2026-05-30T12:16:56.209+07:00  INFO 20884 --- [trashformer] [  restartedMain] o.h.e.t.j.p.i.JtaPlatformInitiator       : HHH000489: No JTA platform available (set 'hibernate.transaction.jta.platform' to enable JTA platform integration)
2026-05-30T12:16:56.326+07:00  INFO 20884 --- [trashformer] [  restartedMain] j.LocalContainerEntityManagerFactoryBean : Initialized JPA EntityManagerFactory for persistence unit 'default'
2026-05-30T12:16:56.611+07:00  WARN 20884 --- [trashformer] [  restartedMain] JpaBaseConfiguration$JpaWebConfiguration : spring.jpa.open-in-view is enabled by default. Therefore, database queries may be performed during view rendering. Explicitly configure spring.jpa.open-in-view to disable this warning
2026-05-30T12:16:56.645+07:00  INFO 20884 --- [trashformer] [  restartedMain] r$InitializeUserDetailsManagerConfigurer : Global AuthenticationManager configured with UserDetailsService bean with name customUserDetailsService
2026-05-30T12:16:56.917+07:00  INFO 20884 --- [trashformer] [  restartedMain] o.s.b.d.a.OptionalLiveReloadServer       : LiveReload server is running on port 35729
2026-05-30T12:16:56.950+07:00  INFO 20884 --- [trashformer] [  restartedMain] o.s.b.w.embedded.tomcat.TomcatWebServer  : Tomcat started on port 8080 (http) with context path '/'
2026-05-30T12:16:56.956+07:00  INFO 20884 --- [trashformer] [  restartedMain] com.example.TrashformerApplication       : Started TrashformerApplication in 1.604 seconds (process running for 1288.562)
2026-05-30T12:16:56.958+07:00  INFO 20884 --- [trashformer] [  restartedMain] .ConditionEvaluationDeltaLoggingListener : Condition evaluation unchanged
2026-05-30T12:17:00.371+07:00  INFO 20884 --- [trashformer] [   File Watcher] rtingClassPathChangeChangedEventListener : Restarting due to 1 class path change (0 additions, 0 deletions, 1 modification)
2026-05-30T12:17:00.391+07:00  INFO 20884 --- [trashformer] [      Thread-59] j.LocalContainerEntityManagerFactoryBean : Closing JPA EntityManagerFactory for persistence unit 'default'
2026-05-30T12:17:00.393+07:00  INFO 20884 --- [trashformer] [      Thread-59] com.zaxxer.hikari.HikariDataSource       : HikariPool-15 - Shutdown initiated...
2026-05-30T12:17:00.397+07:00  INFO 20884 --- [trashformer] [      Thread-59] com.zaxxer.hikari.HikariDataSource       : HikariPool-15 - Shutdown completed.

  .   ____          _            __ _ _
 /\\ / ___'_ __ _ _(_)_ __  __ _ \ \ \ \
( ( )\___ | '_ | '_| | '_ \/ _` | \ \ \ \
 \\/  ___)| |_)| | | | | || (_| |  ) ) ) )
  '  |____| .__|_| |_|_| |_\__, | / / / /
 =========|_|==============|___/=/_/_/_/

 :: Spring Boot ::                (v3.3.5)

2026-05-30T12:17:00.531+07:00  INFO 20884 --- [trashformer] [  restartedMain] com.example.TrashformerApplication       : Starting TrashformerApplication using Java 25.0.2 with PID 20884 (D:\pboprojek\trashformer\target\classes started by ASUS in D:\pboprojek\trashformer)
2026-05-30T12:17:00.532+07:00  INFO 20884 --- [trashformer] [  restartedMain] com.example.TrashformerApplication       : No active profile set, falling back to 1 default profile: "default"
2026-05-30T12:17:01.129+07:00  INFO 20884 --- [trashformer] [  restartedMain] .s.d.r.c.RepositoryConfigurationDelegate : Bootstrapping Spring Data JPA repositories in DEFAULT mode.
2026-05-30T12:17:01.191+07:00  INFO 20884 --- [trashformer] [  restartedMain] .s.d.r.c.RepositoryConfigurationDelegate : Finished Spring Data repository scanning in 44 ms. Found 5 JPA repository interfaces.
2026-05-30T12:17:01.499+07:00  INFO 20884 --- [trashformer] [  restartedMain] o.s.b.w.embedded.tomcat.TomcatWebServer  : Tomcat initialized with port 8080 (http)
2026-05-30T12:17:01.518+07:00  INFO 20884 --- [trashformer] [  restartedMain] o.apache.catalina.core.StandardService   : Starting service [Tomcat]
2026-05-30T12:17:01.519+07:00  INFO 20884 --- [trashformer] [  restartedMain] o.apache.catalina.core.StandardEngine    : Starting Servlet engine: [Apache Tomcat/10.1.31]
2026-05-30T12:17:01.561+07:00  INFO 20884 --- [trashformer] [  restartedMain] o.a.c.c.C.[Tomcat].[localhost].[/]       : Initializing Spring embedded WebApplicationContext
2026-05-30T12:17:01.562+07:00  INFO 20884 --- [trashformer] [  restartedMain] w.s.c.ServletWebServerApplicationContext : Root WebApplicationContext: initialization completed in 1026 ms
2026-05-30T12:17:01.675+07:00  INFO 20884 --- [trashformer] [  restartedMain] o.hibernate.jpa.internal.util.LogHelper  : HHH000204: Processing PersistenceUnitInfo [name: default]
2026-05-30T12:17:01.678+07:00  INFO 20884 --- [trashformer] [  restartedMain] o.h.c.internal.RegionFactoryInitiator    : HHH000026: Second-level cache disabled
2026-05-30T12:17:01.688+07:00  INFO 20884 --- [trashformer] [  restartedMain] o.s.o.j.p.SpringPersistenceUnitInfo      : No LoadTimeWeaver setup: ignoring JPA class transformer
2026-05-30T12:17:01.691+07:00  INFO 20884 --- [trashformer] [  restartedMain] com.zaxxer.hikari.HikariDataSource       : HikariPool-16 - Starting...
2026-05-30T12:17:01.697+07:00  INFO 20884 --- [trashformer] [  restartedMain] com.zaxxer.hikari.pool.HikariPool        : HikariPool-16 - Added connection com.mysql.cj.jdbc.ConnectionImpl@793679f0
2026-05-30T12:17:01.698+07:00  INFO 20884 --- [trashformer] [  restartedMain] com.zaxxer.hikari.HikariDataSource       : HikariPool-16 - Start completed.
2026-05-30T12:17:01.700+07:00  WARN 20884 --- [trashformer] [  restartedMain] org.hibernate.dialect.Dialect            : HHH000511: The 5.5.5 version for [org.hibernate.dialect.MySQLDialect] is no longer supported, hence certain features may not work properly. The minimum supported version is 8.0.0. Check the community dialects project for available legacy versions.
2026-05-30T12:17:01.700+07:00  WARN 20884 --- [trashformer] [  restartedMain] org.hibernate.orm.deprecation            : HHH90000025: MySQLDialect does not need to be specified explicitly using 'hibernate.dialect' (remove the property setting and it will be selected by default)
2026-05-30T12:17:01.823+07:00  INFO 20884 --- [trashformer] [  restartedMain] o.h.e.t.j.p.i.JtaPlatformInitiator       : HHH000489: No JTA platform available (set 'hibernate.transaction.jta.platform' to enable JTA platform integration)
2026-05-30T12:17:01.892+07:00  INFO 20884 --- [trashformer] [  restartedMain] j.LocalContainerEntityManagerFactoryBean : Initialized JPA EntityManagerFactory for persistence unit 'default'
2026-05-30T12:17:02.126+07:00  WARN 20884 --- [trashformer] [  restartedMain] JpaBaseConfiguration$JpaWebConfiguration : spring.jpa.open-in-view is enabled by default. Therefore, database queries may be performed during view rendering. Explicitly configure spring.jpa.open-in-view to disable this warning
2026-05-30T12:17:02.158+07:00  INFO 20884 --- [trashformer] [  restartedMain] r$InitializeUserDetailsManagerConfigurer : Global AuthenticationManager configured with UserDetailsService bean with name customUserDetailsService
2026-05-30T12:17:02.419+07:00  INFO 20884 --- [trashformer] [  restartedMain] o.s.b.d.a.OptionalLiveReloadServer       : LiveReload server is running on port 35729
2026-05-30T12:17:02.453+07:00  INFO 20884 --- [trashformer] [  restartedMain] o.s.b.w.embedded.tomcat.TomcatWebServer  : Tomcat started on port 8080 (http) with context path '/'
2026-05-30T12:17:02.458+07:00  INFO 20884 --- [trashformer] [  restartedMain] com.example.TrashformerApplication       : Started TrashformerApplication in 1.968 seconds (process running for 1294.065)
2026-05-30T12:17:02.461+07:00  INFO 20884 --- [trashformer] [  restartedMain] .ConditionEvaluationDeltaLoggingListener : Condition evaluation unchanged
2026-05-30T12:17:06.872+07:00  INFO 20884 --- [trashformer] [   File Watcher] rtingClassPathChangeChangedEventListener : Restarting due to 1 class path change (0 additions, 0 deletions, 1 modification)
2026-05-30T12:17:06.899+07:00  INFO 20884 --- [trashformer] [      Thread-63] j.LocalContainerEntityManagerFactoryBean : Closing JPA EntityManagerFactory for persistence unit 'default'
2026-05-30T12:17:06.900+07:00  INFO 20884 --- [trashformer] [      Thread-63] com.zaxxer.hikari.HikariDataSource       : HikariPool-16 - Shutdown initiated...
2026-05-30T12:17:06.905+07:00  INFO 20884 --- [trashformer] [      Thread-63] com.zaxxer.hikari.HikariDataSource       : HikariPool-16 - Shutdown completed.

  .   ____          _            __ _ _
 /\\ / ___'_ __ _ _(_)_ __  __ _ \ \ \ \
( ( )\___ | '_ | '_| | '_ \/ _` | \ \ \ \
 \\/  ___)| |_)| | | | | || (_| |  ) ) ) )
  '  |____| .__|_| |_|_| |_\__, | / / / /
 =========|_|==============|___/=/_/_/_/

 :: Spring Boot ::                (v3.3.5)

2026-05-30T12:17:07.033+07:00  INFO 20884 --- [trashformer] [  restartedMain] com.example.TrashformerApplication       : Starting TrashformerApplication using Java 25.0.2 with PID 20884 (D:\pboprojek\trashformer\target\classes started by ASUS in D:\pboprojek\trashformer)
2026-05-30T12:17:07.035+07:00  INFO 20884 --- [trashformer] [  restartedMain] com.example.TrashformerApplication       : No active profile set, falling back to 1 default profile: "default"
2026-05-30T12:17:07.379+07:00  INFO 20884 --- [trashformer] [  restartedMain] .s.d.r.c.RepositoryConfigurationDelegate : Bootstrapping Spring Data JPA repositories in DEFAULT mode.
2026-05-30T12:17:07.425+07:00  INFO 20884 --- [trashformer] [  restartedMain] .s.d.r.c.RepositoryConfigurationDelegate : Finished Spring Data repository scanning in 28 ms. Found 5 JPA repository interfaces.
2026-05-30T12:17:07.612+07:00  INFO 20884 --- [trashformer] [  restartedMain] o.s.b.w.embedded.tomcat.TomcatWebServer  : Tomcat initialized with port 8080 (http)
2026-05-30T12:17:07.631+07:00  INFO 20884 --- [trashformer] [  restartedMain] o.apache.catalina.core.StandardService   : Starting service [Tomcat]
2026-05-30T12:17:07.631+07:00  INFO 20884 --- [trashformer] [  restartedMain] o.apache.catalina.core.StandardEngine    : Starting Servlet engine: [Apache Tomcat/10.1.31]
2026-05-30T12:17:07.659+07:00  INFO 20884 --- [trashformer] [  restartedMain] o.a.c.c.C.[Tomcat].[localhost].[/]       : Initializing Spring embedded WebApplicationContext
2026-05-30T12:17:07.660+07:00  INFO 20884 --- [trashformer] [  restartedMain] w.s.c.ServletWebServerApplicationContext : Root WebApplicationContext: initialization completed in 622 ms
2026-05-30T12:17:07.749+07:00  INFO 20884 --- [trashformer] [  restartedMain] o.hibernate.jpa.internal.util.LogHelper  : HHH000204: Processing PersistenceUnitInfo [name: default]
2026-05-30T12:17:07.752+07:00  INFO 20884 --- [trashformer] [  restartedMain] o.h.c.internal.RegionFactoryInitiator    : HHH000026: Second-level cache disabled
2026-05-30T12:17:07.764+07:00  INFO 20884 --- [trashformer] [  restartedMain] o.s.o.j.p.SpringPersistenceUnitInfo      : No LoadTimeWeaver setup: ignoring JPA class transformer
2026-05-30T12:17:07.766+07:00  INFO 20884 --- [trashformer] [  restartedMain] com.zaxxer.hikari.HikariDataSource       : HikariPool-17 - Starting...
2026-05-30T12:17:07.771+07:00  INFO 20884 --- [trashformer] [  restartedMain] com.zaxxer.hikari.pool.HikariPool        : HikariPool-17 - Added connection com.mysql.cj.jdbc.ConnectionImpl@7269e4e0
2026-05-30T12:17:07.772+07:00  INFO 20884 --- [trashformer] [  restartedMain] com.zaxxer.hikari.HikariDataSource       : HikariPool-17 - Start completed.
2026-05-30T12:17:07.774+07:00  WARN 20884 --- [trashformer] [  restartedMain] org.hibernate.dialect.Dialect            : HHH000511: The 5.5.5 version for [org.hibernate.dialect.MySQLDialect] is no longer supported, hence certain features may not work properly. The minimum supported version is 8.0.0. Check the community dialects project for available legacy versions.
2026-05-30T12:17:07.775+07:00  WARN 20884 --- [trashformer] [  restartedMain] org.hibernate.orm.deprecation            : HHH90000025: MySQLDialect does not need to be specified explicitly using 'hibernate.dialect' (remove the property setting and it will be selected by default)
2026-05-30T12:17:07.899+07:00  INFO 20884 --- [trashformer] [  restartedMain] o.h.e.t.j.p.i.JtaPlatformInitiator       : HHH000489: No JTA platform available (set 'hibernate.transaction.jta.platform' to enable JTA platform integration)
2026-05-30T12:17:07.971+07:00  INFO 20884 --- [trashformer] [  restartedMain] j.LocalContainerEntityManagerFactoryBean : Initialized JPA EntityManagerFactory for persistence unit 'default'
2026-05-30T12:17:08.041+07:00  WARN 20884 --- [trashformer] [  restartedMain] ConfigServletWebServerApplicationContext : Exception encountered during context initialization - cancelling refresh attempt: org.springframework.beans.factory.BeanCreationException: Error creating bean with name 'securityConfig' defined in file [D:\pboprojek\trashformer\target\classes\com\example\trashformer\config\SecurityConfig.class]: Failed to instantiate [com.example.trashformer.config.SecurityConfig$$SpringCGLIB$$0]: Constructor threw exception
2026-05-30T12:17:08.042+07:00  INFO 20884 --- [trashformer] [  restartedMain] j.LocalContainerEntityManagerFactoryBean : Closing JPA EntityManagerFactory for persistence unit 'default'
2026-05-30T12:17:08.043+07:00  INFO 20884 --- [trashformer] [  restartedMain] com.zaxxer.hikari.HikariDataSource       : HikariPool-17 - Shutdown initiated...
2026-05-30T12:17:08.046+07:00  INFO 20884 --- [trashformer] [  restartedMain] com.zaxxer.hikari.HikariDataSource       : HikariPool-17 - Shutdown completed.
2026-05-30T12:17:08.047+07:00  INFO 20884 --- [trashformer] [  restartedMain] o.apache.catalina.core.StandardService   : Stopping service [Tomcat]
2026-05-30T12:17:08.057+07:00  INFO 20884 --- [trashformer] [  restartedMain] .s.b.a.l.ConditionEvaluationReportLogger : 

Error starting ApplicationContext. To display the condition evaluation report re-run your application with 'debug' enabled.
2026-05-30T12:17:08.097+07:00 ERROR 20884 --- [trashformer] [  restartedMain] o.s.boot.SpringApplication               : Application run failed

org.springframework.beans.factory.BeanCreationException: Error creating bean with name 'securityConfig' defined in file [D:\pboprojek\trashformer\target\classes\com\example\trashformer\config\SecurityConfig.class]: Failed to instantiate [com.example.trashformer.config.SecurityConfig$$SpringCGLIB$$0]: Constructor threw exception
	at org.springframework.beans.factory.support.ConstructorResolver.instantiate(ConstructorResolver.java:318) ~[spring-beans-6.1.14.jar:6.1.14]
	at org.springframework.beans.factory.support.ConstructorResolver.autowireConstructor(ConstructorResolver.java:306) ~[spring-beans-6.1.14.jar:6.1.14]
	at org.springframework.beans.factory.support.AbstractAutowireCapableBeanFactory.autowireConstructor(AbstractAutowireCapableBeanFactory.java:1375) ~[spring-beans-6.1.14.jar:6.1.14]
	at org.springframework.beans.factory.support.AbstractAutowireCapableBeanFactory.createBeanInstance(AbstractAutowireCapableBeanFactory.java:1212) ~[spring-beans-6.1.14.jar:6.1.14]
	at org.springframework.beans.factory.support.AbstractAutowireCapableBeanFactory.doCreateBean(AbstractAutowireCapableBeanFactory.java:562) ~[spring-beans-6.1.14.jar:6.1.14]
	at org.springframework.beans.factory.support.AbstractAutowireCapableBeanFactory.createBean(AbstractAutowireCapableBeanFactory.java:522) ~[spring-beans-6.1.14.jar:6.1.14]
	at org.springframework.beans.factory.support.AbstractBeanFactory.lambda$doGetBean$0(AbstractBeanFactory.java:337) ~[spring-beans-6.1.14.jar:6.1.14]
	at org.springframework.beans.factory.support.DefaultSingletonBeanRegistry.getSingleton(DefaultSingletonBeanRegistry.java:234) ~[spring-beans-6.1.14.jar:6.1.14]
	at org.springframework.beans.factory.support.AbstractBeanFactory.doGetBean(AbstractBeanFactory.java:335) ~[spring-beans-6.1.14.jar:6.1.14]
	at org.springframework.beans.factory.support.AbstractBeanFactory.getBean(AbstractBeanFactory.java:200) ~[spring-beans-6.1.14.jar:6.1.14]
	at org.springframework.beans.factory.support.DefaultListableBeanFactory.preInstantiateSingletons(DefaultListableBeanFactory.java:975) ~[spring-beans-6.1.14.jar:6.1.14]
	at org.springframework.context.support.AbstractApplicationContext.finishBeanFactoryInitialization(AbstractApplicationContext.java:971) ~[spring-context-6.1.14.jar:6.1.14]
	at org.springframework.context.support.AbstractApplicationContext.refresh(AbstractApplicationContext.java:625) ~[spring-context-6.1.14.jar:6.1.14]
	at org.springframework.boot.web.servlet.context.ServletWebServerApplicationContext.refresh(ServletWebServerApplicationContext.java:146) ~[spring-boot-3.3.5.jar:3.3.5]
	at org.springframework.boot.SpringApplication.refresh(SpringApplication.java:754) ~[spring-boot-3.3.5.jar:3.3.5]
	at org.springframework.boot.SpringApplication.refreshContext(SpringApplication.java:456) ~[spring-boot-3.3.5.jar:3.3.5]
	at org.springframework.boot.SpringApplication.run(SpringApplication.java:335) ~[spring-boot-3.3.5.jar:3.3.5]
	at org.springframework.boot.SpringApplication.run(SpringApplication.java:1363) ~[spring-boot-3.3.5.jar:3.3.5]
	at org.springframework.boot.SpringApplication.run(SpringApplication.java:1352) ~[spring-boot-3.3.5.jar:3.3.5]
	at com.example.TrashformerApplication.main(TrashformerApplication.java:10) ~[classes/:na]
	at java.base/jdk.internal.reflect.DirectMethodHandleAccessor.invoke(DirectMethodHandleAccessor.java:104) ~[na:na]
	at java.base/java.lang.reflect.Method.invoke(Method.java:565) ~[na:na]
	at org.springframework.boot.devtools.restart.RestartLauncher.run(RestartLauncher.java:50) ~[spring-boot-devtools-3.3.5.jar:3.3.5]
Caused by: org.springframework.beans.BeanInstantiationException: Failed to instantiate [com.example.trashformer.config.SecurityConfig$$SpringCGLIB$$0]: Constructor threw exception
	at org.springframework.beans.BeanUtils.instantiateClass(BeanUtils.java:221) ~[spring-beans-6.1.14.jar:6.1.14]
	at org.springframework.beans.factory.support.SimpleInstantiationStrategy.instantiate(SimpleInstantiationStrategy.java:117) ~[spring-beans-6.1.14.jar:6.1.14]
	at org.springframework.beans.factory.support.ConstructorResolver.instantiate(ConstructorResolver.java:315) ~[spring-beans-6.1.14.jar:6.1.14]
	... 22 common frames omitted
Caused by: java.lang.Error: Unresolved compilation problems: 
	The method csrf(Customizer<CsrfConfigurer<HttpSecurity>>) in the type HttpSecurity is not applicable for the arguments ((<no type> csrf) -> {})
	Void methods cannot return a value

	at com.example.trashformer.config.SecurityConfig.<init>(SecurityConfig.java:41) ~[classes/:na]
	at com.example.trashformer.config.SecurityConfig$$SpringCGLIB$$0.<init>(<generated>) ~[classes/:na]
	at java.base/jdk.internal.reflect.DirectConstructorHandleAccessor.newInstance(DirectConstructorHandleAccessor.java:62) ~[na:na]
	at java.base/java.lang.reflect.Constructor.newInstanceWithCaller(Constructor.java:499) ~[na:na]
	at java.base/java.lang.reflect.Constructor.newInstance(Constructor.java:483) ~[na:na]
	at org.springframework.beans.BeanUtils.instantiateClass(BeanUtils.java:208) ~[spring-beans-6.1.14.jar:6.1.14]
	... 24 common frames omitted


  .   ____          _            __ _ _
 /\\ / ___'_ __ _ _(_)_ __  __ _ \ \ \ \
( ( )\___ | '_ | '_| | '_ \/ _` | \ \ \ \
 \\/  ___)| |_)| | | | | || (_| |  ) ) ) )
  '  |____| .__|_| |_|_| |_\__, | / / / /
 =========|_|==============|___/=/_/_/_/

 :: Spring Boot ::                (v3.3.5)

2026-05-30T12:17:12.675+07:00  INFO 20884 --- [trashformer] [  restartedMain] com.example.TrashformerApplication       : Starting TrashformerApplication using Java 25.0.2 with PID 20884 (D:\pboprojek\trashformer\target\classes started by ASUS in D:\pboprojek\trashformer)
2026-05-30T12:17:12.676+07:00  INFO 20884 --- [trashformer] [  restartedMain] com.example.TrashformerApplication       : No active profile set, falling back to 1 default profile: "default"
2026-05-30T12:17:13.071+07:00  INFO 20884 --- [trashformer] [  restartedMain] .s.d.r.c.RepositoryConfigurationDelegate : Bootstrapping Spring Data JPA repositories in DEFAULT mode.
2026-05-30T12:17:13.125+07:00  INFO 20884 --- [trashformer] [  restartedMain] .s.d.r.c.RepositoryConfigurationDelegate : Finished Spring Data repository scanning in 35 ms. Found 5 JPA repository interfaces.
2026-05-30T12:17:13.336+07:00  INFO 20884 --- [trashformer] [  restartedMain] o.s.b.w.embedded.tomcat.TomcatWebServer  : Tomcat initialized with port 8080 (http)
2026-05-30T12:17:13.496+07:00  INFO 20884 --- [trashformer] [  restartedMain] o.apache.catalina.core.StandardService   : Starting service [Tomcat]
2026-05-30T12:17:13.497+07:00  INFO 20884 --- [trashformer] [  restartedMain] o.apache.catalina.core.StandardEngine    : Starting Servlet engine: [Apache Tomcat/10.1.31]
2026-05-30T12:17:13.529+07:00  INFO 20884 --- [trashformer] [  restartedMain] o.a.c.c.C.[Tomcat-1].[localhost].[/]     : Initializing Spring embedded WebApplicationContext
2026-05-30T12:17:13.530+07:00  INFO 20884 --- [trashformer] [  restartedMain] w.s.c.ServletWebServerApplicationContext : Root WebApplicationContext: initialization completed in 852 ms
2026-05-30T12:17:13.610+07:00  INFO 20884 --- [trashformer] [  restartedMain] o.hibernate.jpa.internal.util.LogHelper  : HHH000204: Processing PersistenceUnitInfo [name: default]
2026-05-30T12:17:13.613+07:00  INFO 20884 --- [trashformer] [  restartedMain] o.h.c.internal.RegionFactoryInitiator    : HHH000026: Second-level cache disabled
2026-05-30T12:17:13.627+07:00  INFO 20884 --- [trashformer] [  restartedMain] o.s.o.j.p.SpringPersistenceUnitInfo      : No LoadTimeWeaver setup: ignoring JPA class transformer
2026-05-30T12:17:13.628+07:00  INFO 20884 --- [trashformer] [  restartedMain] com.zaxxer.hikari.HikariDataSource       : HikariPool-18 - Starting...
2026-05-30T12:17:13.633+07:00  INFO 20884 --- [trashformer] [  restartedMain] com.zaxxer.hikari.pool.HikariPool        : HikariPool-18 - Added connection com.mysql.cj.jdbc.ConnectionImpl@4b0cf42e
2026-05-30T12:17:13.633+07:00  INFO 20884 --- [trashformer] [  restartedMain] com.zaxxer.hikari.HikariDataSource       : HikariPool-18 - Start completed.
2026-05-30T12:17:13.636+07:00  WARN 20884 --- [trashformer] [  restartedMain] org.hibernate.dialect.Dialect            : HHH000511: The 5.5.5 version for [org.hibernate.dialect.MySQLDialect] is no longer supported, hence certain features may not work properly. The minimum supported version is 8.0.0. Check the community dialects project for available legacy versions.
2026-05-30T12:17:13.637+07:00  WARN 20884 --- [trashformer] [  restartedMain] org.hibernate.orm.deprecation            : HHH90000025: MySQLDialect does not need to be specified explicitly using 'hibernate.dialect' (remove the property setting and it will be selected by default)
2026-05-30T12:17:13.755+07:00  INFO 20884 --- [trashformer] [  restartedMain] o.h.e.t.j.p.i.JtaPlatformInitiator       : HHH000489: No JTA platform available (set 'hibernate.transaction.jta.platform' to enable JTA platform integration)
2026-05-30T12:17:13.822+07:00  INFO 20884 --- [trashformer] [  restartedMain] j.LocalContainerEntityManagerFactoryBean : Initialized JPA EntityManagerFactory for persistence unit 'default'
2026-05-30T12:17:13.894+07:00  WARN 20884 --- [trashformer] [  restartedMain] ConfigServletWebServerApplicationContext : Exception encountered during context initialization - cancelling refresh attempt: org.springframework.beans.factory.BeanCreationException: Error creating bean with name 'securityConfig' defined in file [D:\pboprojek\trashformer\target\classes\com\example\trashformer\config\SecurityConfig.class]: Failed to instantiate [com.example.trashformer.config.SecurityConfig$$SpringCGLIB$$0]: Constructor threw exception
2026-05-30T12:17:13.895+07:00  INFO 20884 --- [trashformer] [  restartedMain] j.LocalContainerEntityManagerFactoryBean : Closing JPA EntityManagerFactory for persistence unit 'default'
2026-05-30T12:17:13.896+07:00  INFO 20884 --- [trashformer] [  restartedMain] com.zaxxer.hikari.HikariDataSource       : HikariPool-18 - Shutdown initiated...
2026-05-30T12:17:13.898+07:00  INFO 20884 --- [trashformer] [  restartedMain] com.zaxxer.hikari.HikariDataSource       : HikariPool-18 - Shutdown completed.
2026-05-30T12:17:13.899+07:00  INFO 20884 --- [trashformer] [  restartedMain] o.apache.catalina.core.StandardService   : Stopping service [Tomcat]
2026-05-30T12:17:13.907+07:00  INFO 20884 --- [trashformer] [  restartedMain] .s.b.a.l.ConditionEvaluationReportLogger : 

Error starting ApplicationContext. To display the condition evaluation report re-run your application with 'debug' enabled.
2026-05-30T12:17:13.912+07:00 ERROR 20884 --- [trashformer] [  restartedMain] o.s.boot.SpringApplication               : Application run failed

org.springframework.beans.factory.BeanCreationException: Error creating bean with name 'securityConfig' defined in file [D:\pboprojek\trashformer\target\classes\com\example\trashformer\config\SecurityConfig.class]: Failed to instantiate [com.example.trashformer.config.SecurityConfig$$SpringCGLIB$$0]: Constructor threw exception
	at org.springframework.beans.factory.support.ConstructorResolver.instantiate(ConstructorResolver.java:318) ~[spring-beans-6.1.14.jar:6.1.14]
	at org.springframework.beans.factory.support.ConstructorResolver.autowireConstructor(ConstructorResolver.java:306) ~[spring-beans-6.1.14.jar:6.1.14]
	at org.springframework.beans.factory.support.AbstractAutowireCapableBeanFactory.autowireConstructor(AbstractAutowireCapableBeanFactory.java:1375) ~[spring-beans-6.1.14.jar:6.1.14]
	at org.springframework.beans.factory.support.AbstractAutowireCapableBeanFactory.createBeanInstance(AbstractAutowireCapableBeanFactory.java:1212) ~[spring-beans-6.1.14.jar:6.1.14]
	at org.springframework.beans.factory.support.AbstractAutowireCapableBeanFactory.doCreateBean(AbstractAutowireCapableBeanFactory.java:562) ~[spring-beans-6.1.14.jar:6.1.14]
	at org.springframework.beans.factory.support.AbstractAutowireCapableBeanFactory.createBean(AbstractAutowireCapableBeanFactory.java:522) ~[spring-beans-6.1.14.jar:6.1.14]
	at org.springframework.beans.factory.support.AbstractBeanFactory.lambda$doGetBean$0(AbstractBeanFactory.java:337) ~[spring-beans-6.1.14.jar:6.1.14]
	at org.springframework.beans.factory.support.DefaultSingletonBeanRegistry.getSingleton(DefaultSingletonBeanRegistry.java:234) ~[spring-beans-6.1.14.jar:6.1.14]
	at org.springframework.beans.factory.support.AbstractBeanFactory.doGetBean(AbstractBeanFactory.java:335) ~[spring-beans-6.1.14.jar:6.1.14]
	at org.springframework.beans.factory.support.AbstractBeanFactory.getBean(AbstractBeanFactory.java:200) ~[spring-beans-6.1.14.jar:6.1.14]
	at org.springframework.beans.factory.support.DefaultListableBeanFactory.preInstantiateSingletons(DefaultListableBeanFactory.java:975) ~[spring-beans-6.1.14.jar:6.1.14]
	at org.springframework.context.support.AbstractApplicationContext.finishBeanFactoryInitialization(AbstractApplicationContext.java:971) ~[spring-context-6.1.14.jar:6.1.14]
	at org.springframework.context.support.AbstractApplicationContext.refresh(AbstractApplicationContext.java:625) ~[spring-context-6.1.14.jar:6.1.14]
	at org.springframework.boot.web.servlet.context.ServletWebServerApplicationContext.refresh(ServletWebServerApplicationContext.java:146) ~[spring-boot-3.3.5.jar:3.3.5]
	at org.springframework.boot.SpringApplication.refresh(SpringApplication.java:754) ~[spring-boot-3.3.5.jar:3.3.5]
	at org.springframework.boot.SpringApplication.refreshContext(SpringApplication.java:456) ~[spring-boot-3.3.5.jar:3.3.5]
	at org.springframework.boot.SpringApplication.run(SpringApplication.java:335) ~[spring-boot-3.3.5.jar:3.3.5]
	at org.springframework.boot.SpringApplication.run(SpringApplication.java:1363) ~[spring-boot-3.3.5.jar:3.3.5]
	at org.springframework.boot.SpringApplication.run(SpringApplication.java:1352) ~[spring-boot-3.3.5.jar:3.3.5]
	at com.example.TrashformerApplication.main(TrashformerApplication.java:10) ~[classes/:na]
	at java.base/jdk.internal.reflect.DirectMethodHandleAccessor.invoke(DirectMethodHandleAccessor.java:104) ~[na:na]
	at java.base/java.lang.reflect.Method.invoke(Method.java:565) ~[na:na]
	at org.springframework.boot.devtools.restart.RestartLauncher.run(RestartLauncher.java:50) ~[spring-boot-devtools-3.3.5.jar:3.3.5]
Caused by: org.springframework.beans.BeanInstantiationException: Failed to instantiate [com.example.trashformer.config.SecurityConfig$$SpringCGLIB$$0]: Constructor threw exception
	at org.springframework.beans.BeanUtils.instantiateClass(BeanUtils.java:221) ~[spring-beans-6.1.14.jar:6.1.14]
	at org.springframework.beans.factory.support.SimpleInstantiationStrategy.instantiate(SimpleInstantiationStrategy.java:117) ~[spring-beans-6.1.14.jar:6.1.14]
	at org.springframework.beans.factory.support.ConstructorResolver.instantiate(ConstructorResolver.java:315) ~[spring-beans-6.1.14.jar:6.1.14]
	... 22 common frames omitted
Caused by: java.lang.Error: Unresolved compilation problems: 
	The method csrf(Customizer<CsrfConfigurer<HttpSecurity>>) in the type HttpSecurity is not applicable for the arguments ((<no type> csrf) -> {})
	Void methods cannot return a value

	at com.example.trashformer.config.SecurityConfig.<init>(SecurityConfig.java:41) ~[classes/:na]
	at com.example.trashformer.config.SecurityConfig$$SpringCGLIB$$0.<init>(<generated>) ~[classes/:na]
	at java.base/jdk.internal.reflect.DirectConstructorHandleAccessor.newInstance(DirectConstructorHandleAccessor.java:62) ~[na:na]
	at java.base/java.lang.reflect.Constructor.newInstanceWithCaller(Constructor.java:499) ~[na:na]
	at java.base/java.lang.reflect.Constructor.newInstance(Constructor.java:483) ~[na:na]
	at org.springframework.beans.BeanUtils.instantiateClass(BeanUtils.java:208) ~[spring-beans-6.1.14.jar:6.1.14]
	... 24 common frames omitted


  .   ____          _            __ _ _
 /\\ / ___'_ __ _ _(_)_ __  __ _ \ \ \ \
( ( )\___ | '_ | '_| | '_ \/ _` | \ \ \ \
 \\/  ___)| |_)| | | | | || (_| |  ) ) ) )
  '  |____| .__|_| |_|_| |_\__, | / / / /
 =========|_|==============|___/=/_/_/_/

 :: Spring Boot ::                (v3.3.5)

2026-05-30T12:17:18.448+07:00  INFO 20884 --- [trashformer] [  restartedMain] com.example.TrashformerApplication       : Starting TrashformerApplication using Java 25.0.2 with PID 20884 (D:\pboprojek\trashformer\target\classes started by ASUS in D:\pboprojek\trashformer)
2026-05-30T12:17:18.448+07:00  INFO 20884 --- [trashformer] [  restartedMain] com.example.TrashformerApplication       : No active profile set, falling back to 1 default profile: "default"
2026-05-30T12:17:18.935+07:00  INFO 20884 --- [trashformer] [  restartedMain] .s.d.r.c.RepositoryConfigurationDelegate : Bootstrapping Spring Data JPA repositories in DEFAULT mode.
2026-05-30T12:17:18.991+07:00  INFO 20884 --- [trashformer] [  restartedMain] .s.d.r.c.RepositoryConfigurationDelegate : Finished Spring Data repository scanning in 38 ms. Found 5 JPA repository interfaces.
2026-05-30T12:17:19.224+07:00  INFO 20884 --- [trashformer] [  restartedMain] o.s.b.w.embedded.tomcat.TomcatWebServer  : Tomcat initialized with port 8080 (http)
2026-05-30T12:17:19.226+07:00  INFO 20884 --- [trashformer] [  restartedMain] o.apache.catalina.core.StandardService   : Starting service [Tomcat]
2026-05-30T12:17:19.226+07:00  INFO 20884 --- [trashformer] [  restartedMain] o.apache.catalina.core.StandardEngine    : Starting Servlet engine: [Apache Tomcat/10.1.31]
2026-05-30T12:17:19.260+07:00  INFO 20884 --- [trashformer] [  restartedMain] o.a.c.c.C.[Tomcat-2].[localhost].[/]     : Initializing Spring embedded WebApplicationContext
2026-05-30T12:17:19.262+07:00  INFO 20884 --- [trashformer] [  restartedMain] w.s.c.ServletWebServerApplicationContext : Root WebApplicationContext: initialization completed in 808 ms
2026-05-30T12:17:19.353+07:00  INFO 20884 --- [trashformer] [  restartedMain] o.hibernate.jpa.internal.util.LogHelper  : HHH000204: Processing PersistenceUnitInfo [name: default]
2026-05-30T12:17:19.358+07:00  INFO 20884 --- [trashformer] [  restartedMain] o.h.c.internal.RegionFactoryInitiator    : HHH000026: Second-level cache disabled
2026-05-30T12:17:19.368+07:00  INFO 20884 --- [trashformer] [  restartedMain] o.s.o.j.p.SpringPersistenceUnitInfo      : No LoadTimeWeaver setup: ignoring JPA class transformer
2026-05-30T12:17:19.369+07:00  INFO 20884 --- [trashformer] [  restartedMain] com.zaxxer.hikari.HikariDataSource       : HikariPool-19 - Starting...
2026-05-30T12:17:19.374+07:00  INFO 20884 --- [trashformer] [  restartedMain] com.zaxxer.hikari.pool.HikariPool        : HikariPool-19 - Added connection com.mysql.cj.jdbc.ConnectionImpl@571d1b37
2026-05-30T12:17:19.383+07:00  INFO 20884 --- [trashformer] [  restartedMain] com.zaxxer.hikari.HikariDataSource       : HikariPool-19 - Start completed.
2026-05-30T12:17:19.385+07:00  WARN 20884 --- [trashformer] [  restartedMain] org.hibernate.dialect.Dialect            : HHH000511: The 5.5.5 version for [org.hibernate.dialect.MySQLDialect] is no longer supported, hence certain features may not work properly. The minimum supported version is 8.0.0. Check the community dialects project for available legacy versions.
2026-05-30T12:17:19.386+07:00  WARN 20884 --- [trashformer] [  restartedMain] org.hibernate.orm.deprecation            : HHH90000025: MySQLDialect does not need to be specified explicitly using 'hibernate.dialect' (remove the property setting and it will be selected by default)
2026-05-30T12:17:19.505+07:00  INFO 20884 --- [trashformer] [  restartedMain] o.h.e.t.j.p.i.JtaPlatformInitiator       : HHH000489: No JTA platform available (set 'hibernate.transaction.jta.platform' to enable JTA platform integration)
2026-05-30T12:17:19.592+07:00  INFO 20884 --- [trashformer] [  restartedMain] j.LocalContainerEntityManagerFactoryBean : Initialized JPA EntityManagerFactory for persistence unit 'default'
2026-05-30T12:17:19.680+07:00  WARN 20884 --- [trashformer] [  restartedMain] ConfigServletWebServerApplicationContext : Exception encountered during context initialization - cancelling refresh attempt: org.springframework.beans.factory.BeanCreationException: Error creating bean with name 'securityConfig' defined in file [D:\pboprojek\trashformer\target\classes\com\example\trashformer\config\SecurityConfig.class]: Failed to instantiate [com.example.trashformer.config.SecurityConfig$$SpringCGLIB$$0]: Constructor threw exception
2026-05-30T12:17:19.681+07:00  INFO 20884 --- [trashformer] [  restartedMain] j.LocalContainerEntityManagerFactoryBean : Closing JPA EntityManagerFactory for persistence unit 'default'
2026-05-30T12:17:19.682+07:00  INFO 20884 --- [trashformer] [  restartedMain] com.zaxxer.hikari.HikariDataSource       : HikariPool-19 - Shutdown initiated...
2026-05-30T12:17:19.685+07:00  INFO 20884 --- [trashformer] [  restartedMain] com.zaxxer.hikari.HikariDataSource       : HikariPool-19 - Shutdown completed.
2026-05-30T12:17:19.687+07:00  INFO 20884 --- [trashformer] [  restartedMain] o.apache.catalina.core.StandardService   : Stopping service [Tomcat]
2026-05-30T12:17:19.696+07:00  INFO 20884 --- [trashformer] [  restartedMain] .s.b.a.l.ConditionEvaluationReportLogger : 

Error starting ApplicationContext. To display the condition evaluation report re-run your application with 'debug' enabled.
2026-05-30T12:17:19.700+07:00 ERROR 20884 --- [trashformer] [  restartedMain] o.s.boot.SpringApplication               : Application run failed

org.springframework.beans.factory.BeanCreationException: Error creating bean with name 'securityConfig' defined in file [D:\pboprojek\trashformer\target\classes\com\example\trashformer\config\SecurityConfig.class]: Failed to instantiate [com.example.trashformer.config.SecurityConfig$$SpringCGLIB$$0]: Constructor threw exception
	at org.springframework.beans.factory.support.ConstructorResolver.instantiate(ConstructorResolver.java:318) ~[spring-beans-6.1.14.jar:6.1.14]
	at org.springframework.beans.factory.support.ConstructorResolver.autowireConstructor(ConstructorResolver.java:306) ~[spring-beans-6.1.14.jar:6.1.14]
	at org.springframework.beans.factory.support.AbstractAutowireCapableBeanFactory.autowireConstructor(AbstractAutowireCapableBeanFactory.java:1375) ~[spring-beans-6.1.14.jar:6.1.14]
	at org.springframework.beans.factory.support.AbstractAutowireCapableBeanFactory.createBeanInstance(AbstractAutowireCapableBeanFactory.java:1212) ~[spring-beans-6.1.14.jar:6.1.14]
	at org.springframework.beans.factory.support.AbstractAutowireCapableBeanFactory.doCreateBean(AbstractAutowireCapableBeanFactory.java:562) ~[spring-beans-6.1.14.jar:6.1.14]
	at org.springframework.beans.factory.support.AbstractAutowireCapableBeanFactory.createBean(AbstractAutowireCapableBeanFactory.java:522) ~[spring-beans-6.1.14.jar:6.1.14]
	at org.springframework.beans.factory.support.AbstractBeanFactory.lambda$doGetBean$0(AbstractBeanFactory.java:337) ~[spring-beans-6.1.14.jar:6.1.14]
	at org.springframework.beans.factory.support.DefaultSingletonBeanRegistry.getSingleton(DefaultSingletonBeanRegistry.java:234) ~[spring-beans-6.1.14.jar:6.1.14]
	at org.springframework.beans.factory.support.AbstractBeanFactory.doGetBean(AbstractBeanFactory.java:335) ~[spring-beans-6.1.14.jar:6.1.14]
	at org.springframework.beans.factory.support.AbstractBeanFactory.getBean(AbstractBeanFactory.java:200) ~[spring-beans-6.1.14.jar:6.1.14]
	at org.springframework.beans.factory.support.DefaultListableBeanFactory.preInstantiateSingletons(DefaultListableBeanFactory.java:975) ~[spring-beans-6.1.14.jar:6.1.14]
	at org.springframework.context.support.AbstractApplicationContext.finishBeanFactoryInitialization(AbstractApplicationContext.java:971) ~[spring-context-6.1.14.jar:6.1.14]
	at org.springframework.context.support.AbstractApplicationContext.refresh(AbstractApplicationContext.java:625) ~[spring-context-6.1.14.jar:6.1.14]
	at org.springframework.boot.web.servlet.context.ServletWebServerApplicationContext.refresh(ServletWebServerApplicationContext.java:146) ~[spring-boot-3.3.5.jar:3.3.5]
	at org.springframework.boot.SpringApplication.refresh(SpringApplication.java:754) ~[spring-boot-3.3.5.jar:3.3.5]
	at org.springframework.boot.SpringApplication.refreshContext(SpringApplication.java:456) ~[spring-boot-3.3.5.jar:3.3.5]
	at org.springframework.boot.SpringApplication.run(SpringApplication.java:335) ~[spring-boot-3.3.5.jar:3.3.5]
	at org.springframework.boot.SpringApplication.run(SpringApplication.java:1363) ~[spring-boot-3.3.5.jar:3.3.5]
	at org.springframework.boot.SpringApplication.run(SpringApplication.java:1352) ~[spring-boot-3.3.5.jar:3.3.5]
	at com.example.TrashformerApplication.main(TrashformerApplication.java:10) ~[classes/:na]
	at java.base/jdk.internal.reflect.DirectMethodHandleAccessor.invoke(DirectMethodHandleAccessor.java:104) ~[na:na]
	at java.base/java.lang.reflect.Method.invoke(Method.java:565) ~[na:na]
	at org.springframework.boot.devtools.restart.RestartLauncher.run(RestartLauncher.java:50) ~[spring-boot-devtools-3.3.5.jar:3.3.5]
Caused by: org.springframework.beans.BeanInstantiationException: Failed to instantiate [com.example.trashformer.config.SecurityConfig$$SpringCGLIB$$0]: Constructor threw exception
	at org.springframework.beans.BeanUtils.instantiateClass(BeanUtils.java:221) ~[spring-beans-6.1.14.jar:6.1.14]
	at org.springframework.beans.factory.support.SimpleInstantiationStrategy.instantiate(SimpleInstantiationStrategy.java:117) ~[spring-beans-6.1.14.jar:6.1.14]
	at org.springframework.beans.factory.support.ConstructorResolver.instantiate(ConstructorResolver.java:315) ~[spring-beans-6.1.14.jar:6.1.14]
	... 22 common frames omitted
Caused by: java.lang.Error: Unresolved compilation problems: 
	The method csrf(Customizer<CsrfConfigurer<HttpSecurity>>) in the type HttpSecurity is not applicable for the arguments ((<no type> csrf) -> {})
	Void methods cannot return a value

	at com.example.trashformer.config.SecurityConfig.<init>(SecurityConfig.java:41) ~[classes/:na]
	at com.example.trashformer.config.SecurityConfig$$SpringCGLIB$$0.<init>(<generated>) ~[classes/:na]
	at java.base/jdk.internal.reflect.DirectConstructorHandleAccessor.newInstance(DirectConstructorHandleAccessor.java:62) ~[na:na]
	at java.base/java.lang.reflect.Constructor.newInstanceWithCaller(Constructor.java:499) ~[na:na]
	at java.base/java.lang.reflect.Constructor.newInstance(Constructor.java:483) ~[na:na]
	at org.springframework.beans.BeanUtils.instantiateClass(BeanUtils.java:208) ~[spring-beans-6.1.14.jar:6.1.14]
	... 24 common frames omitted


  .   ____          _            __ _ _
 /\\ / ___'_ __ _ _(_)_ __  __ _ \ \ \ \
( ( )\___ | '_ | '_| | '_ \/ _` | \ \ \ \
 \\/  ___)| |_)| | | | | || (_| |  ) ) ) )
  '  |____| .__|_| |_|_| |_\__, | / / / /
 =========|_|==============|___/=/_/_/_/

 :: Spring Boot ::                (v3.3.5)

2026-05-30T12:17:26.232+07:00  INFO 20884 --- [trashformer] [  restartedMain] com.example.TrashformerApplication       : Starting TrashformerApplication using Java 25.0.2 with PID 20884 (D:\pboprojek\trashformer\target\classes started by ASUS in D:\pboprojek\trashformer)
2026-05-30T12:17:26.233+07:00  INFO 20884 --- [trashformer] [  restartedMain] com.example.TrashformerApplication       : No active profile set, falling back to 1 default profile: "default"
2026-05-30T12:17:26.657+07:00  INFO 20884 --- [trashformer] [  restartedMain] .s.d.r.c.RepositoryConfigurationDelegate : Bootstrapping Spring Data JPA repositories in DEFAULT mode.
2026-05-30T12:17:26.703+07:00  INFO 20884 --- [trashformer] [  restartedMain] .s.d.r.c.RepositoryConfigurationDelegate : Finished Spring Data repository scanning in 27 ms. Found 5 JPA repository interfaces.
2026-05-30T12:17:26.898+07:00  INFO 20884 --- [trashformer] [  restartedMain] o.s.b.w.embedded.tomcat.TomcatWebServer  : Tomcat initialized with port 8080 (http)
2026-05-30T12:17:26.915+07:00  INFO 20884 --- [trashformer] [  restartedMain] o.apache.catalina.core.StandardService   : Starting service [Tomcat]
2026-05-30T12:17:26.916+07:00  INFO 20884 --- [trashformer] [  restartedMain] o.apache.catalina.core.StandardEngine    : Starting Servlet engine: [Apache Tomcat/10.1.31]
2026-05-30T12:17:26.946+07:00  INFO 20884 --- [trashformer] [  restartedMain] o.a.c.c.C.[Tomcat-3].[localhost].[/]     : Initializing Spring embedded WebApplicationContext
2026-05-30T12:17:26.948+07:00  INFO 20884 --- [trashformer] [  restartedMain] w.s.c.ServletWebServerApplicationContext : Root WebApplicationContext: initialization completed in 713 ms
2026-05-30T12:17:27.017+07:00  INFO 20884 --- [trashformer] [  restartedMain] o.hibernate.jpa.internal.util.LogHelper  : HHH000204: Processing PersistenceUnitInfo [name: default]
2026-05-30T12:17:27.020+07:00  INFO 20884 --- [trashformer] [  restartedMain] o.h.c.internal.RegionFactoryInitiator    : HHH000026: Second-level cache disabled
2026-05-30T12:17:27.032+07:00  INFO 20884 --- [trashformer] [  restartedMain] o.s.o.j.p.SpringPersistenceUnitInfo      : No LoadTimeWeaver setup: ignoring JPA class transformer
2026-05-30T12:17:27.034+07:00  INFO 20884 --- [trashformer] [  restartedMain] com.zaxxer.hikari.HikariDataSource       : HikariPool-20 - Starting...
2026-05-30T12:17:27.039+07:00  INFO 20884 --- [trashformer] [  restartedMain] com.zaxxer.hikari.pool.HikariPool        : HikariPool-20 - Added connection com.mysql.cj.jdbc.ConnectionImpl@7508cc
2026-05-30T12:17:27.040+07:00  INFO 20884 --- [trashformer] [  restartedMain] com.zaxxer.hikari.HikariDataSource       : HikariPool-20 - Start completed.
2026-05-30T12:17:27.041+07:00  WARN 20884 --- [trashformer] [  restartedMain] org.hibernate.dialect.Dialect            : HHH000511: The 5.5.5 version for [org.hibernate.dialect.MySQLDialect] is no longer supported, hence certain features may not work properly. The minimum supported version is 8.0.0. Check the community dialects project for available legacy versions.
2026-05-30T12:17:27.042+07:00  WARN 20884 --- [trashformer] [  restartedMain] org.hibernate.orm.deprecation            : HHH90000025: MySQLDialect does not need to be specified explicitly using 'hibernate.dialect' (remove the property setting and it will be selected by default)
2026-05-30T12:17:27.155+07:00  INFO 20884 --- [trashformer] [  restartedMain] o.h.e.t.j.p.i.JtaPlatformInitiator       : HHH000489: No JTA platform available (set 'hibernate.transaction.jta.platform' to enable JTA platform integration)
2026-05-30T12:17:27.227+07:00  INFO 20884 --- [trashformer] [  restartedMain] j.LocalContainerEntityManagerFactoryBean : Initialized JPA EntityManagerFactory for persistence unit 'default'
2026-05-30T12:17:27.295+07:00  WARN 20884 --- [trashformer] [  restartedMain] ConfigServletWebServerApplicationContext : Exception encountered during context initialization - cancelling refresh attempt: org.springframework.beans.factory.BeanCreationException: Error creating bean with name 'securityConfig' defined in file [D:\pboprojek\trashformer\target\classes\com\example\trashformer\config\SecurityConfig.class]: Failed to instantiate [com.example.trashformer.config.SecurityConfig$$SpringCGLIB$$0]: Constructor threw exception
2026-05-30T12:17:27.296+07:00  INFO 20884 --- [trashformer] [  restartedMain] j.LocalContainerEntityManagerFactoryBean : Closing JPA EntityManagerFactory for persistence unit 'default'
2026-05-30T12:17:27.297+07:00  INFO 20884 --- [trashformer] [  restartedMain] com.zaxxer.hikari.HikariDataSource       : HikariPool-20 - Shutdown initiated...
2026-05-30T12:17:27.299+07:00  INFO 20884 --- [trashformer] [  restartedMain] com.zaxxer.hikari.HikariDataSource       : HikariPool-20 - Shutdown completed.
2026-05-30T12:17:27.300+07:00  INFO 20884 --- [trashformer] [  restartedMain] o.apache.catalina.core.StandardService   : Stopping service [Tomcat]
2026-05-30T12:17:27.309+07:00  INFO 20884 --- [trashformer] [  restartedMain] .s.b.a.l.ConditionEvaluationReportLogger : 

Error starting ApplicationContext. To display the condition evaluation report re-run your application with 'debug' enabled.
2026-05-30T12:17:27.314+07:00 ERROR 20884 --- [trashformer] [  restartedMain] o.s.boot.SpringApplication               : Application run failed

org.springframework.beans.factory.BeanCreationException: Error creating bean with name 'securityConfig' defined in file [D:\pboprojek\trashformer\target\classes\com\example\trashformer\config\SecurityConfig.class]: Failed to instantiate [com.example.trashformer.config.SecurityConfig$$SpringCGLIB$$0]: Constructor threw exception
	at org.springframework.beans.factory.support.ConstructorResolver.instantiate(ConstructorResolver.java:318) ~[spring-beans-6.1.14.jar:6.1.14]
	at org.springframework.beans.factory.support.ConstructorResolver.autowireConstructor(ConstructorResolver.java:306) ~[spring-beans-6.1.14.jar:6.1.14]
	at org.springframework.beans.factory.support.AbstractAutowireCapableBeanFactory.autowireConstructor(AbstractAutowireCapableBeanFactory.java:1375) ~[spring-beans-6.1.14.jar:6.1.14]
	at org.springframework.beans.factory.support.AbstractAutowireCapableBeanFactory.createBeanInstance(AbstractAutowireCapableBeanFactory.java:1212) ~[spring-beans-6.1.14.jar:6.1.14]
	at org.springframework.beans.factory.support.AbstractAutowireCapableBeanFactory.doCreateBean(AbstractAutowireCapableBeanFactory.java:562) ~[spring-beans-6.1.14.jar:6.1.14]
	at org.springframework.beans.factory.support.AbstractAutowireCapableBeanFactory.createBean(AbstractAutowireCapableBeanFactory.java:522) ~[spring-beans-6.1.14.jar:6.1.14]
	at org.springframework.beans.factory.support.AbstractBeanFactory.lambda$doGetBean$0(AbstractBeanFactory.java:337) ~[spring-beans-6.1.14.jar:6.1.14]
	at org.springframework.beans.factory.support.DefaultSingletonBeanRegistry.getSingleton(DefaultSingletonBeanRegistry.java:234) ~[spring-beans-6.1.14.jar:6.1.14]
	at org.springframework.beans.factory.support.AbstractBeanFactory.doGetBean(AbstractBeanFactory.java:335) ~[spring-beans-6.1.14.jar:6.1.14]
	at org.springframework.beans.factory.support.AbstractBeanFactory.getBean(AbstractBeanFactory.java:200) ~[spring-beans-6.1.14.jar:6.1.14]
	at org.springframework.beans.factory.support.DefaultListableBeanFactory.preInstantiateSingletons(DefaultListableBeanFactory.java:975) ~[spring-beans-6.1.14.jar:6.1.14]
	at org.springframework.context.support.AbstractApplicationContext.finishBeanFactoryInitialization(AbstractApplicationContext.java:971) ~[spring-context-6.1.14.jar:6.1.14]
	at org.springframework.context.support.AbstractApplicationContext.refresh(AbstractApplicationContext.java:625) ~[spring-context-6.1.14.jar:6.1.14]
	at org.springframework.boot.web.servlet.context.ServletWebServerApplicationContext.refresh(ServletWebServerApplicationContext.java:146) ~[spring-boot-3.3.5.jar:3.3.5]
	at org.springframework.boot.SpringApplication.refresh(SpringApplication.java:754) ~[spring-boot-3.3.5.jar:3.3.5]
	at org.springframework.boot.SpringApplication.refreshContext(SpringApplication.java:456) ~[spring-boot-3.3.5.jar:3.3.5]
	at org.springframework.boot.SpringApplication.run(SpringApplication.java:335) ~[spring-boot-3.3.5.jar:3.3.5]
	at org.springframework.boot.SpringApplication.run(SpringApplication.java:1363) ~[spring-boot-3.3.5.jar:3.3.5]
	at org.springframework.boot.SpringApplication.run(SpringApplication.java:1352) ~[spring-boot-3.3.5.jar:3.3.5]
	at com.example.TrashformerApplication.main(TrashformerApplication.java:10) ~[classes/:na]
	at java.base/jdk.internal.reflect.DirectMethodHandleAccessor.invoke(DirectMethodHandleAccessor.java:104) ~[na:na]
	at java.base/java.lang.reflect.Method.invoke(Method.java:565) ~[na:na]
	at org.springframework.boot.devtools.restart.RestartLauncher.run(RestartLauncher.java:50) ~[spring-boot-devtools-3.3.5.jar:3.3.5]
Caused by: org.springframework.beans.BeanInstantiationException: Failed to instantiate [com.example.trashformer.config.SecurityConfig$$SpringCGLIB$$0]: Constructor threw exception
	at org.springframework.beans.BeanUtils.instantiateClass(BeanUtils.java:221) ~[spring-beans-6.1.14.jar:6.1.14]
	at org.springframework.beans.factory.support.SimpleInstantiationStrategy.instantiate(SimpleInstantiationStrategy.java:117) ~[spring-beans-6.1.14.jar:6.1.14]
	at org.springframework.beans.factory.support.ConstructorResolver.instantiate(ConstructorResolver.java:315) ~[spring-beans-6.1.14.jar:6.1.14]
	... 22 common frames omitted
Caused by: java.lang.Error: Unresolved compilation problems: 
	The method csrf(Customizer<CsrfConfigurer<HttpSecurity>>) in the type HttpSecurity is not applicable for the arguments ((<no type> csrf) -> {})
	Void methods cannot return a value

	at com.example.trashformer.config.SecurityConfig.<init>(SecurityConfig.java:41) ~[classes/:na]
	at com.example.trashformer.config.SecurityConfig$$SpringCGLIB$$0.<init>(<generated>) ~[classes/:na]
	at java.base/jdk.internal.reflect.DirectConstructorHandleAccessor.newInstance(DirectConstructorHandleAccessor.java:62) ~[na:na]
	at java.base/java.lang.reflect.Constructor.newInstanceWithCaller(Constructor.java:499) ~[na:na]
	at java.base/java.lang.reflect.Constructor.newInstance(Constructor.java:483) ~[na:na]
	at org.springframework.beans.BeanUtils.instantiateClass(BeanUtils.java:208) ~[spring-beans-6.1.14.jar:6.1.14]
	... 24 common frames omitted


  .   ____          _            __ _ _
 /\\ / ___'_ __ _ _(_)_ __  __ _ \ \ \ \
( ( )\___ | '_ | '_| | '_ \/ _` | \ \ \ \
 \\/  ___)| |_)| | | | | || (_| |  ) ) ) )
  '  |____| .__|_| |_|_| |_\__, | / / / /
 =========|_|==============|___/=/_/_/_/

 :: Spring Boot ::                (v3.3.5)

2026-05-30T12:17:37.882+07:00  INFO 20884 --- [trashformer] [  restartedMain] com.example.TrashformerApplication       : Starting TrashformerApplication using Java 25.0.2 with PID 20884 (D:\pboprojek\trashformer\target\classes started by ASUS in D:\pboprojek\trashformer)
2026-05-30T12:17:37.883+07:00  INFO 20884 --- [trashformer] [  restartedMain] com.example.TrashformerApplication       : No active profile set, falling back to 1 default profile: "default"
2026-05-30T12:17:38.390+07:00  INFO 20884 --- [trashformer] [  restartedMain] .s.d.r.c.RepositoryConfigurationDelegate : Bootstrapping Spring Data JPA repositories in DEFAULT mode.
2026-05-30T12:17:38.409+07:00  INFO 20884 --- [trashformer] [  restartedMain] .s.d.r.c.RepositoryConfigurationDelegate : Finished Spring Data repository scanning in 1 ms. Found 0 JPA repository interfaces.
2026-05-30T12:17:38.704+07:00  INFO 20884 --- [trashformer] [  restartedMain] o.s.b.w.embedded.tomcat.TomcatWebServer  : Tomcat initialized with port 8080 (http)
2026-05-30T12:17:38.705+07:00  INFO 20884 --- [trashformer] [  restartedMain] o.apache.catalina.core.StandardService   : Starting service [Tomcat]
2026-05-30T12:17:38.706+07:00  INFO 20884 --- [trashformer] [  restartedMain] o.apache.catalina.core.StandardEngine    : Starting Servlet engine: [Apache Tomcat/10.1.31]
2026-05-30T12:17:38.745+07:00  INFO 20884 --- [trashformer] [  restartedMain] o.a.c.c.C.[Tomcat-4].[localhost].[/]     : Initializing Spring embedded WebApplicationContext
2026-05-30T12:17:38.745+07:00  INFO 20884 --- [trashformer] [  restartedMain] w.s.c.ServletWebServerApplicationContext : Root WebApplicationContext: initialization completed in 859 ms
2026-05-30T12:17:38.840+07:00  INFO 20884 --- [trashformer] [  restartedMain] o.hibernate.jpa.internal.util.LogHelper  : HHH000204: Processing PersistenceUnitInfo [name: default]
2026-05-30T12:17:38.845+07:00  INFO 20884 --- [trashformer] [  restartedMain] o.h.c.internal.RegionFactoryInitiator    : HHH000026: Second-level cache disabled
2026-05-30T12:17:38.862+07:00  INFO 20884 --- [trashformer] [  restartedMain] o.s.o.j.p.SpringPersistenceUnitInfo      : No LoadTimeWeaver setup: ignoring JPA class transformer
2026-05-30T12:17:38.864+07:00  INFO 20884 --- [trashformer] [  restartedMain] com.zaxxer.hikari.HikariDataSource       : HikariPool-21 - Starting...
2026-05-30T12:17:38.871+07:00  INFO 20884 --- [trashformer] [  restartedMain] com.zaxxer.hikari.pool.HikariPool        : HikariPool-21 - Added connection com.mysql.cj.jdbc.ConnectionImpl@6c04f1d4
2026-05-30T12:17:38.872+07:00  INFO 20884 --- [trashformer] [  restartedMain] com.zaxxer.hikari.HikariDataSource       : HikariPool-21 - Start completed.
2026-05-30T12:17:38.874+07:00  WARN 20884 --- [trashformer] [  restartedMain] org.hibernate.dialect.Dialect            : HHH000511: The 5.5.5 version for [org.hibernate.dialect.MySQLDialect] is no longer supported, hence certain features may not work properly. The minimum supported version is 8.0.0. Check the community dialects project for available legacy versions.
2026-05-30T12:17:38.875+07:00  WARN 20884 --- [trashformer] [  restartedMain] org.hibernate.orm.deprecation            : HHH90000025: MySQLDialect does not need to be specified explicitly using 'hibernate.dialect' (remove the property setting and it will be selected by default)
2026-05-30T12:17:38.905+07:00  INFO 20884 --- [trashformer] [  restartedMain] o.h.e.t.j.p.i.JtaPlatformInitiator       : HHH000489: No JTA platform available (set 'hibernate.transaction.jta.platform' to enable JTA platform integration)
2026-05-30T12:17:38.906+07:00  INFO 20884 --- [trashformer] [  restartedMain] j.LocalContainerEntityManagerFactoryBean : Initialized JPA EntityManagerFactory for persistence unit 'default'
2026-05-30T12:17:38.951+07:00  WARN 20884 --- [trashformer] [  restartedMain] JpaBaseConfiguration$JpaWebConfiguration : spring.jpa.open-in-view is enabled by default. Therefore, database queries may be performed during view rendering. Explicitly configure spring.jpa.open-in-view to disable this warning
2026-05-30T12:17:39.197+07:00  WARN 20884 --- [trashformer] [  restartedMain] .s.s.UserDetailsServiceAutoConfiguration : 

Using generated security password: b347b15c-5a95-40b5-b41d-a31bd439a944

This generated password is for development use only. Your security configuration must be updated before running your application in production.

2026-05-30T12:17:39.218+07:00  INFO 20884 --- [trashformer] [  restartedMain] r$InitializeUserDetailsManagerConfigurer : Global AuthenticationManager configured with UserDetailsService bean with name inMemoryUserDetailsManager
2026-05-30T12:17:39.289+07:00  INFO 20884 --- [trashformer] [  restartedMain] o.s.b.d.a.OptionalLiveReloadServer       : LiveReload server is running on port 35729
2026-05-30T12:17:39.311+07:00  INFO 20884 --- [trashformer] [  restartedMain] o.s.b.w.embedded.tomcat.TomcatWebServer  : Tomcat started on port 8080 (http) with context path '/'
2026-05-30T12:17:39.318+07:00  INFO 20884 --- [trashformer] [  restartedMain] com.example.TrashformerApplication       : Started TrashformerApplication in 1.495 seconds (process running for 1330.925)
2026-05-30T12:17:39.321+07:00  INFO 20884 --- [trashformer] [  restartedMain] .ConditionEvaluationDeltaLoggingListener : Condition evaluation delta:


==========================
CONDITION EVALUATION DELTA
==========================


Positive matches:
-----------------

   SpringBootWebSecurityConfiguration.SecurityFilterChainConfiguration matched:
      - AllNestedConditions 2 matched 0 did not; NestedCondition on DefaultWebSecurityCondition.Beans @ConditionalOnMissingBean (types: org.springframework.security.web.SecurityFilterChain; SearchStrategy: all) did not find any beans; NestedCondition on DefaultWebSecurityCondition.Classes @ConditionalOnClass found required classes 'org.springframework.security.web.SecurityFilterChain', 'org.springframework.security.config.annotation.web.builders.HttpSecurity' (DefaultWebSecurityCondition)

   UserDetailsServiceAutoConfiguration matched:
      - @ConditionalOnClass found required class 'org.springframework.security.authentication.AuthenticationManager' (OnClassCondition)
      - AnyNestedCondition 1 matched 2 did not; NestedCondition on UserDetailsServiceAutoConfiguration.MissingAlternativeOrUserPropertiesConfigured.PasswordConfigured @ConditionalOnProperty (spring.security.user.password) did not find property 'password'; NestedCondition on UserDetailsServiceAutoConfiguration.MissingAlternativeOrUserPropertiesConfigured.NameConfigured @ConditionalOnProperty (spring.security.user.name) did not find property 'name'; NestedCondition on UserDetailsServiceAutoConfiguration.MissingAlternativeOrUserPropertiesConfigured.MissingAlternative @ConditionalOnMissingClass did not find unwanted classes 'org.springframework.security.oauth2.client.registration.ClientRegistrationRepository', 'org.springframework.security.oauth2.server.resource.introspection.OpaqueTokenIntrospector', 'org.springframework.security.saml2.provider.service.registration.RelyingPartyRegistrationRepository' (UserDetailsServiceAutoConfiguration.MissingAlternativeOrUserPropertiesConfigured)
      - @ConditionalOnBean (types: org.springframework.security.config.annotation.ObjectPostProcessor; SearchStrategy: all) found bean 'objectPostProcessor'; @ConditionalOnMissingBean (types: org.springframework.security.authentication.AuthenticationManager,org.springframework.security.authentication.AuthenticationProvider,org.springframework.security.core.userdetails.UserDetailsService,org.springframework.security.authentication.AuthenticationManagerResolver,org.springframework.security.oauth2.jwt.JwtDecoder; SearchStrategy: all) did not find any beans (OnBeanCondition)


Negative matches:
-----------------

    None


Exclusions:
-----------

    None


Unconditional classes:
----------------------

    None



2026-05-30T12:17:40.699+07:00  INFO 20884 --- [trashformer] [   File Watcher] rtingClassPathChangeChangedEventListener : Restarting due to 1 class path change (1 addition, 0 deletions, 0 modifications)
2026-05-30T12:17:40.735+07:00  INFO 20884 --- [trashformer] [      Thread-67] j.LocalContainerEntityManagerFactoryBean : Closing JPA EntityManagerFactory for persistence unit 'default'
2026-05-30T12:17:40.736+07:00  INFO 20884 --- [trashformer] [      Thread-67] com.zaxxer.hikari.HikariDataSource       : HikariPool-21 - Shutdown initiated...
2026-05-30T12:17:40.740+07:00  INFO 20884 --- [trashformer] [      Thread-67] com.zaxxer.hikari.HikariDataSource       : HikariPool-21 - Shutdown completed.

  .   ____          _            __ _ _
 /\\ / ___'_ __ _ _(_)_ __  __ _ \ \ \ \
( ( )\___ | '_ | '_| | '_ \/ _` | \ \ \ \
 \\/  ___)| |_)| | | | | || (_| |  ) ) ) )
  '  |____| .__|_| |_|_| |_\__, | / / / /
 =========|_|==============|___/=/_/_/_/

 :: Spring Boot ::                (v3.3.5)

2026-05-30T12:17:40.891+07:00  INFO 20884 --- [trashformer] [  restartedMain] com.example.TrashformerApplication       : Starting TrashformerApplication using Java 25.0.2 with PID 20884 (D:\pboprojek\trashformer\target\classes started by ASUS in D:\pboprojek\trashformer)
2026-05-30T12:17:40.892+07:00  INFO 20884 --- [trashformer] [  restartedMain] com.example.TrashformerApplication       : No active profile set, falling back to 1 default profile: "default"
2026-05-30T12:17:41.134+07:00  INFO 20884 --- [trashformer] [  restartedMain] .s.d.r.c.RepositoryConfigurationDelegate : Bootstrapping Spring Data JPA repositories in DEFAULT mode.
2026-05-30T12:17:41.154+07:00  INFO 20884 --- [trashformer] [  restartedMain] .s.d.r.c.RepositoryConfigurationDelegate : Finished Spring Data repository scanning in 1 ms. Found 0 JPA repository interfaces.
2026-05-30T12:17:41.319+07:00  INFO 20884 --- [trashformer] [  restartedMain] o.s.b.w.embedded.tomcat.TomcatWebServer  : Tomcat initialized with port 8080 (http)
2026-05-30T12:17:41.338+07:00  INFO 20884 --- [trashformer] [  restartedMain] o.apache.catalina.core.StandardService   : Starting service [Tomcat]
2026-05-30T12:17:41.339+07:00  INFO 20884 --- [trashformer] [  restartedMain] o.apache.catalina.core.StandardEngine    : Starting Servlet engine: [Apache Tomcat/10.1.31]
2026-05-30T12:17:41.369+07:00  INFO 20884 --- [trashformer] [  restartedMain] o.a.c.c.C.[Tomcat-4].[localhost].[/]     : Initializing Spring embedded WebApplicationContext
2026-05-30T12:17:41.370+07:00  INFO 20884 --- [trashformer] [  restartedMain] w.s.c.ServletWebServerApplicationContext : Root WebApplicationContext: initialization completed in 475 ms
2026-05-30T12:17:41.473+07:00  INFO 20884 --- [trashformer] [  restartedMain] o.hibernate.jpa.internal.util.LogHelper  : HHH000204: Processing PersistenceUnitInfo [name: default]
2026-05-30T12:17:41.477+07:00  INFO 20884 --- [trashformer] [  restartedMain] o.h.c.internal.RegionFactoryInitiator    : HHH000026: Second-level cache disabled
2026-05-30T12:17:41.494+07:00  INFO 20884 --- [trashformer] [  restartedMain] o.s.o.j.p.SpringPersistenceUnitInfo      : No LoadTimeWeaver setup: ignoring JPA class transformer
2026-05-30T12:17:41.496+07:00  INFO 20884 --- [trashformer] [  restartedMain] com.zaxxer.hikari.HikariDataSource       : HikariPool-22 - Starting...
2026-05-30T12:17:41.502+07:00  INFO 20884 --- [trashformer] [  restartedMain] com.zaxxer.hikari.pool.HikariPool        : HikariPool-22 - Added connection com.mysql.cj.jdbc.ConnectionImpl@38914aab
2026-05-30T12:17:41.503+07:00  INFO 20884 --- [trashformer] [  restartedMain] com.zaxxer.hikari.HikariDataSource       : HikariPool-22 - Start completed.
2026-05-30T12:17:41.506+07:00  WARN 20884 --- [trashformer] [  restartedMain] org.hibernate.dialect.Dialect            : HHH000511: The 5.5.5 version for [org.hibernate.dialect.MySQLDialect] is no longer supported, hence certain features may not work properly. The minimum supported version is 8.0.0. Check the community dialects project for available legacy versions.
2026-05-30T12:17:41.507+07:00  WARN 20884 --- [trashformer] [  restartedMain] org.hibernate.orm.deprecation            : HHH90000025: MySQLDialect does not need to be specified explicitly using 'hibernate.dialect' (remove the property setting and it will be selected by default)
2026-05-30T12:17:41.539+07:00  INFO 20884 --- [trashformer] [  restartedMain] o.h.e.t.j.p.i.JtaPlatformInitiator       : HHH000489: No JTA platform available (set 'hibernate.transaction.jta.platform' to enable JTA platform integration)
2026-05-30T12:17:41.540+07:00  INFO 20884 --- [trashformer] [  restartedMain] j.LocalContainerEntityManagerFactoryBean : Initialized JPA EntityManagerFactory for persistence unit 'default'
2026-05-30T12:17:41.578+07:00  WARN 20884 --- [trashformer] [  restartedMain] JpaBaseConfiguration$JpaWebConfiguration : spring.jpa.open-in-view is enabled by default. Therefore, database queries may be performed during view rendering. Explicitly configure spring.jpa.open-in-view to disable this warning
2026-05-30T12:17:41.806+07:00  WARN 20884 --- [trashformer] [  restartedMain] .s.s.UserDetailsServiceAutoConfiguration : 

Using generated security password: da4cd404-e536-45cc-8b81-390497f30ab2

This generated password is for development use only. Your security configuration must be updated before running your application in production.

2026-05-30T12:17:41.826+07:00  INFO 20884 --- [trashformer] [  restartedMain] r$InitializeUserDetailsManagerConfigurer : Global AuthenticationManager configured with UserDetailsService bean with name inMemoryUserDetailsManager
2026-05-30T12:17:41.879+07:00  INFO 20884 --- [trashformer] [  restartedMain] o.s.b.d.a.OptionalLiveReloadServer       : LiveReload server is running on port 35729
2026-05-30T12:17:41.897+07:00  INFO 20884 --- [trashformer] [  restartedMain] o.s.b.w.embedded.tomcat.TomcatWebServer  : Tomcat started on port 8080 (http) with context path '/'
2026-05-30T12:17:41.902+07:00  INFO 20884 --- [trashformer] [  restartedMain] com.example.TrashformerApplication       : Started TrashformerApplication in 1.062 seconds (process running for 1333.51)
2026-05-30T12:17:41.906+07:00  INFO 20884 --- [trashformer] [  restartedMain] .ConditionEvaluationDeltaLoggingListener : Condition evaluation unchanged
2026-05-30T12:17:54.359+07:00  INFO 20884 --- [trashformer] [   File Watcher] rtingClassPathChangeChangedEventListener : Restarting due to 1 class path change (1 addition, 0 deletions, 0 modifications)
2026-05-30T12:17:54.460+07:00  INFO 20884 --- [trashformer] [      Thread-83] j.LocalContainerEntityManagerFactoryBean : Closing JPA EntityManagerFactory for persistence unit 'default'
2026-05-30T12:17:54.461+07:00  INFO 20884 --- [trashformer] [      Thread-83] com.zaxxer.hikari.HikariDataSource       : HikariPool-22 - Shutdown initiated...
2026-05-30T12:17:54.466+07:00  INFO 20884 --- [trashformer] [      Thread-83] com.zaxxer.hikari.HikariDataSource       : HikariPool-22 - Shutdown completed.

  .   ____          _            __ _ _
 /\\ / ___'_ __ _ _(_)_ __  __ _ \ \ \ \
( ( )\___ | '_ | '_| | '_ \/ _` | \ \ \ \
 \\/  ___)| |_)| | | | | || (_| |  ) ) ) )
  '  |____| .__|_| |_|_| |_\__, | / / / /
 =========|_|==============|___/=/_/_/_/

 :: Spring Boot ::                (v3.3.5)

2026-05-30T12:17:54.669+07:00  INFO 20884 --- [trashformer] [  restartedMain] com.example.TrashformerApplication       : Starting TrashformerApplication using Java 25.0.2 with PID 20884 (D:\pboprojek\trashformer\target\classes started by ASUS in D:\pboprojek\trashformer)
2026-05-30T12:17:54.670+07:00  INFO 20884 --- [trashformer] [  restartedMain] com.example.TrashformerApplication       : No active profile set, falling back to 1 default profile: "default"
2026-05-30T12:17:55.001+07:00  INFO 20884 --- [trashformer] [  restartedMain] .s.d.r.c.RepositoryConfigurationDelegate : Bootstrapping Spring Data JPA repositories in DEFAULT mode.
2026-05-30T12:17:55.011+07:00  INFO 20884 --- [trashformer] [  restartedMain] .s.d.r.c.RepositoryConfigurationDelegate : Finished Spring Data repository scanning in 1 ms. Found 0 JPA repository interfaces.
2026-05-30T12:17:55.085+07:00  WARN 20884 --- [trashformer] [  restartedMain] ConfigServletWebServerApplicationContext : Exception encountered during context initialization - cancelling refresh attempt: java.lang.IllegalStateException: Unable to load cache item
2026-05-30T12:17:55.097+07:00  INFO 20884 --- [trashformer] [  restartedMain] .s.b.a.l.ConditionEvaluationReportLogger : 

Error starting ApplicationContext. To display the condition evaluation report re-run your application with 'debug' enabled.
2026-05-30T12:17:55.100+07:00 ERROR 20884 --- [trashformer] [  restartedMain] o.s.boot.SpringApplication               : Application run failed

java.lang.IllegalStateException: Unable to load cache item
	at org.springframework.cglib.core.internal.LoadingCache.createEntry(LoadingCache.java:75) ~[spring-core-6.1.14.jar:6.1.14]
	at org.springframework.cglib.core.internal.LoadingCache.get(LoadingCache.java:34) ~[spring-core-6.1.14.jar:6.1.14]
	at org.springframework.cglib.core.AbstractClassGenerator$ClassLoaderData.get(AbstractClassGenerator.java:130) ~[spring-core-6.1.14.jar:6.1.14]
	at org.springframework.cglib.core.AbstractClassGenerator.create(AbstractClassGenerator.java:317) ~[spring-core-6.1.14.jar:6.1.14]
	at org.springframework.cglib.proxy.Enhancer.createHelper(Enhancer.java:562) ~[spring-core-6.1.14.jar:6.1.14]
	at org.springframework.cglib.proxy.Enhancer.createClass(Enhancer.java:407) ~[spring-core-6.1.14.jar:6.1.14]
	at org.springframework.context.annotation.ConfigurationClassEnhancer.createClass(ConfigurationClassEnhancer.java:156) ~[spring-context-6.1.14.jar:6.1.14]
	at org.springframework.context.annotation.ConfigurationClassEnhancer.enhance(ConfigurationClassEnhancer.java:113) ~[spring-context-6.1.14.jar:6.1.14]
	at org.springframework.context.annotation.ConfigurationClassPostProcessor.enhanceConfigurationClasses(ConfigurationClassPostProcessor.java:534) ~[spring-context-6.1.14.jar:6.1.14]
	at org.springframework.context.annotation.ConfigurationClassPostProcessor.postProcessBeanFactory(ConfigurationClassPostProcessor.java:311) ~[spring-context-6.1.14.jar:6.1.14]
	at org.springframework.context.support.PostProcessorRegistrationDelegate.invokeBeanFactoryPostProcessors(PostProcessorRegistrationDelegate.java:363) ~[spring-context-6.1.14.jar:6.1.14]
	at org.springframework.context.support.PostProcessorRegistrationDelegate.invokeBeanFactoryPostProcessors(PostProcessorRegistrationDelegate.java:153) ~[spring-context-6.1.14.jar:6.1.14]
	at org.springframework.context.support.AbstractApplicationContext.invokeBeanFactoryPostProcessors(AbstractApplicationContext.java:789) ~[spring-context-6.1.14.jar:6.1.14]
	at org.springframework.context.support.AbstractApplicationContext.refresh(AbstractApplicationContext.java:607) ~[spring-context-6.1.14.jar:6.1.14]
	at org.springframework.boot.web.servlet.context.ServletWebServerApplicationContext.refresh(ServletWebServerApplicationContext.java:146) ~[spring-boot-3.3.5.jar:3.3.5]
	at org.springframework.boot.SpringApplication.refresh(SpringApplication.java:754) ~[spring-boot-3.3.5.jar:3.3.5]
	at org.springframework.boot.SpringApplication.refreshContext(SpringApplication.java:456) ~[spring-boot-3.3.5.jar:3.3.5]
	at org.springframework.boot.SpringApplication.run(SpringApplication.java:335) ~[spring-boot-3.3.5.jar:3.3.5]
	at org.springframework.boot.SpringApplication.run(SpringApplication.java:1363) ~[spring-boot-3.3.5.jar:3.3.5]
	at org.springframework.boot.SpringApplication.run(SpringApplication.java:1352) ~[spring-boot-3.3.5.jar:3.3.5]
	at com.example.TrashformerApplication.main(TrashformerApplication.java:10) ~[classes/:na]
	at java.base/jdk.internal.reflect.DirectMethodHandleAccessor.invoke(DirectMethodHandleAccessor.java:104) ~[na:na]
	at java.base/java.lang.reflect.Method.invoke(Method.java:565) ~[na:na]
	at org.springframework.boot.devtools.restart.RestartLauncher.run(RestartLauncher.java:50) ~[spring-boot-devtools-3.3.5.jar:3.3.5]
Caused by: java.lang.NoClassDefFoundError: CustomUserDetailsService
	at java.base/java.lang.Class.getDeclaredConstructors0(Native Method) ~[na:na]
	at java.base/java.lang.Class.privateGetDeclaredConstructors(Class.java:2985) ~[na:na]
	at java.base/java.lang.Class.getDeclaredConstructors(Class.java:2354) ~[na:na]
	at org.springframework.cglib.proxy.Enhancer.generateClass(Enhancer.java:655) ~[spring-core-6.1.14.jar:6.1.14]
	at org.springframework.cglib.transform.TransformingClassGenerator.generateClass(TransformingClassGenerator.java:35) ~[spring-core-6.1.14.jar:6.1.14]
	at org.springframework.cglib.core.DefaultGeneratorStrategy.generate(DefaultGeneratorStrategy.java:26) ~[spring-core-6.1.14.jar:6.1.14]
	at org.springframework.cglib.core.ClassLoaderAwareGeneratorStrategy.generate(ClassLoaderAwareGeneratorStrategy.java:57) ~[spring-core-6.1.14.jar:6.1.14]
	at org.springframework.cglib.core.AbstractClassGenerator.generate(AbstractClassGenerator.java:366) ~[spring-core-6.1.14.jar:6.1.14]
	at org.springframework.cglib.proxy.Enhancer.generate(Enhancer.java:575) ~[spring-core-6.1.14.jar:6.1.14]
	at org.springframework.cglib.core.AbstractClassGenerator$ClassLoaderData.lambda$new$1(AbstractClassGenerator.java:107) ~[spring-core-6.1.14.jar:6.1.14]
	at org.springframework.cglib.core.internal.LoadingCache.lambda$createEntry$1(LoadingCache.java:52) ~[spring-core-6.1.14.jar:6.1.14]
	at java.base/java.util.concurrent.FutureTask.run(FutureTask.java:328) ~[na:na]
	at org.springframework.cglib.core.internal.LoadingCache.createEntry(LoadingCache.java:57) ~[spring-core-6.1.14.jar:6.1.14]
	... 23 common frames omitted
Caused by: java.lang.ClassNotFoundException: CustomUserDetailsService
	at java.base/jdk.internal.loader.BuiltinClassLoader.loadClass(BuiltinClassLoader.java:580) ~[na:na]
	at java.base/java.lang.ClassLoader.loadClass(ClassLoader.java:490) ~[na:na]
	at java.base/java.lang.Class.forName0(Native Method) ~[na:na]
	at java.base/java.lang.Class.forName(Class.java:547) ~[na:na]
	at org.springframework.boot.devtools.restart.classloader.RestartClassLoader.loadClass(RestartClassLoader.java:121) ~[spring-boot-devtools-3.3.5.jar:3.3.5]
	at java.base/java.lang.ClassLoader.loadClass(ClassLoader.java:490) ~[na:na]
	... 36 common frames omitted


  .   ____          _            __ _ _
 /\\ / ___'_ __ _ _(_)_ __  __ _ \ \ \ \
( ( )\___ | '_ | '_| | '_ \/ _` | \ \ \ \
 \\/  ___)| |_)| | | | | || (_| |  ) ) ) )
  '  |____| .__|_| |_|_| |_\__, | / / / /
 =========|_|==============|___/=/_/_/_/

 :: Spring Boot ::                (v3.3.5)

2026-05-30T12:18:05.629+07:00  INFO 20884 --- [trashformer] [  restartedMain] com.example.TrashformerApplication       : Starting TrashformerApplication using Java 25.0.2 with PID 20884 (D:\pboprojek\trashformer\target\classes started by ASUS in D:\pboprojek\trashformer)
2026-05-30T12:18:05.630+07:00  INFO 20884 --- [trashformer] [  restartedMain] com.example.TrashformerApplication       : No active profile set, falling back to 1 default profile: "default"
2026-05-30T12:18:05.956+07:00  INFO 20884 --- [trashformer] [  restartedMain] .s.d.r.c.RepositoryConfigurationDelegate : Bootstrapping Spring Data JPA repositories in DEFAULT mode.
2026-05-30T12:18:05.958+07:00  INFO 20884 --- [trashformer] [  restartedMain] .s.d.r.c.RepositoryConfigurationDelegate : Finished Spring Data repository scanning in 1 ms. Found 0 JPA repository interfaces.
2026-05-30T12:18:06.182+07:00  INFO 20884 --- [trashformer] [  restartedMain] o.s.b.w.embedded.tomcat.TomcatWebServer  : Tomcat initialized with port 8080 (http)
2026-05-30T12:18:06.202+07:00  INFO 20884 --- [trashformer] [  restartedMain] o.apache.catalina.core.StandardService   : Starting service [Tomcat]
2026-05-30T12:18:06.203+07:00  INFO 20884 --- [trashformer] [  restartedMain] o.apache.catalina.core.StandardEngine    : Starting Servlet engine: [Apache Tomcat/10.1.31]
2026-05-30T12:18:06.255+07:00  INFO 20884 --- [trashformer] [  restartedMain] o.a.c.c.C.[Tomcat-4].[localhost].[/]     : Initializing Spring embedded WebApplicationContext
2026-05-30T12:18:06.256+07:00  INFO 20884 --- [trashformer] [  restartedMain] w.s.c.ServletWebServerApplicationContext : Root WebApplicationContext: initialization completed in 623 ms
2026-05-30T12:18:06.361+07:00  INFO 20884 --- [trashformer] [  restartedMain] o.hibernate.jpa.internal.util.LogHelper  : HHH000204: Processing PersistenceUnitInfo [name: default]
2026-05-30T12:18:06.366+07:00  INFO 20884 --- [trashformer] [  restartedMain] o.h.c.internal.RegionFactoryInitiator    : HHH000026: Second-level cache disabled
2026-05-30T12:18:06.383+07:00  INFO 20884 --- [trashformer] [  restartedMain] o.s.o.j.p.SpringPersistenceUnitInfo      : No LoadTimeWeaver setup: ignoring JPA class transformer
2026-05-30T12:18:06.385+07:00  INFO 20884 --- [trashformer] [  restartedMain] com.zaxxer.hikari.HikariDataSource       : HikariPool-23 - Starting...
2026-05-30T12:18:06.394+07:00  INFO 20884 --- [trashformer] [  restartedMain] com.zaxxer.hikari.pool.HikariPool        : HikariPool-23 - Added connection com.mysql.cj.jdbc.ConnectionImpl@6827a836
2026-05-30T12:18:06.394+07:00  INFO 20884 --- [trashformer] [  restartedMain] com.zaxxer.hikari.HikariDataSource       : HikariPool-23 - Start completed.
2026-05-30T12:18:06.397+07:00  WARN 20884 --- [trashformer] [  restartedMain] org.hibernate.dialect.Dialect            : HHH000511: The 5.5.5 version for [org.hibernate.dialect.MySQLDialect] is no longer supported, hence certain features may not work properly. The minimum supported version is 8.0.0. Check the community dialects project for available legacy versions.
2026-05-30T12:18:06.398+07:00  WARN 20884 --- [trashformer] [  restartedMain] org.hibernate.orm.deprecation            : HHH90000025: MySQLDialect does not need to be specified explicitly using 'hibernate.dialect' (remove the property setting and it will be selected by default)
2026-05-30T12:18:06.428+07:00  INFO 20884 --- [trashformer] [  restartedMain] o.h.e.t.j.p.i.JtaPlatformInitiator       : HHH000489: No JTA platform available (set 'hibernate.transaction.jta.platform' to enable JTA platform integration)
2026-05-30T12:18:06.429+07:00  INFO 20884 --- [trashformer] [  restartedMain] j.LocalContainerEntityManagerFactoryBean : Initialized JPA EntityManagerFactory for persistence unit 'default'
2026-05-30T12:18:06.474+07:00  WARN 20884 --- [trashformer] [  restartedMain] JpaBaseConfiguration$JpaWebConfiguration : spring.jpa.open-in-view is enabled by default. Therefore, database queries may be performed during view rendering. Explicitly configure spring.jpa.open-in-view to disable this warning
2026-05-30T12:18:06.906+07:00  WARN 20884 --- [trashformer] [  restartedMain] .s.s.UserDetailsServiceAutoConfiguration : 

Using generated security password: 62c1d90e-61ae-4c0c-b0b9-cd963346f740

This generated password is for development use only. Your security configuration must be updated before running your application in production.

2026-05-30T12:18:06.926+07:00  INFO 20884 --- [trashformer] [  restartedMain] r$InitializeUserDetailsManagerConfigurer : Global AuthenticationManager configured with UserDetailsService bean with name inMemoryUserDetailsManager
2026-05-30T12:18:06.995+07:00  INFO 20884 --- [trashformer] [  restartedMain] o.s.b.d.a.OptionalLiveReloadServer       : LiveReload server is running on port 35729
2026-05-30T12:18:07.019+07:00  INFO 20884 --- [trashformer] [  restartedMain] o.s.b.w.embedded.tomcat.TomcatWebServer  : Tomcat started on port 8080 (http) with context path '/'
2026-05-30T12:18:07.026+07:00  INFO 20884 --- [trashformer] [  restartedMain] com.example.TrashformerApplication       : Started TrashformerApplication in 1.456 seconds (process running for 1358.633)
2026-05-30T12:18:07.028+07:00  INFO 20884 --- [trashformer] [  restartedMain] .ConditionEvaluationDeltaLoggingListener : Condition evaluation unchanged
2026-05-30T12:18:09.639+07:00  INFO 20884 --- [trashformer] [   File Watcher] rtingClassPathChangeChangedEventListener : Restarting due to 30 class path changes (30 additions, 0 deletions, 0 modifications)
2026-05-30T12:18:09.688+07:00  INFO 20884 --- [trashformer] [      Thread-87] j.LocalContainerEntityManagerFactoryBean : Closing JPA EntityManagerFactory for persistence unit 'default'
2026-05-30T12:18:09.690+07:00  INFO 20884 --- [trashformer] [      Thread-87] com.zaxxer.hikari.HikariDataSource       : HikariPool-23 - Shutdown initiated...
2026-05-30T12:18:09.694+07:00  INFO 20884 --- [trashformer] [      Thread-87] com.zaxxer.hikari.HikariDataSource       : HikariPool-23 - Shutdown completed.

  .   ____          _            __ _ _
 /\\ / ___'_ __ _ _(_)_ __  __ _ \ \ \ \
( ( )\___ | '_ | '_| | '_ \/ _` | \ \ \ \
 \\/  ___)| |_)| | | | | || (_| |  ) ) ) )
  '  |____| .__|_| |_|_| |_\__, | / / / /
 =========|_|==============|___/=/_/_/_/

 :: Spring Boot ::                (v3.3.5)

2026-05-30T12:18:09.841+07:00  INFO 20884 --- [trashformer] [  restartedMain] com.example.TrashformerApplication       : Starting TrashformerApplication using Java 25.0.2 with PID 20884 (D:\pboprojek\trashformer\target\classes started by ASUS in D:\pboprojek\trashformer)
2026-05-30T12:18:09.841+07:00  INFO 20884 --- [trashformer] [  restartedMain] com.example.TrashformerApplication       : No active profile set, falling back to 1 default profile: "default"
2026-05-30T12:18:10.235+07:00  INFO 20884 --- [trashformer] [  restartedMain] .s.d.r.c.RepositoryConfigurationDelegate : Bootstrapping Spring Data JPA repositories in DEFAULT mode.
2026-05-30T12:18:10.309+07:00  INFO 20884 --- [trashformer] [  restartedMain] .s.d.r.c.RepositoryConfigurationDelegate : Finished Spring Data repository scanning in 56 ms. Found 5 JPA repository interfaces.
2026-05-30T12:18:10.601+07:00  INFO 20884 --- [trashformer] [  restartedMain] o.s.b.w.embedded.tomcat.TomcatWebServer  : Tomcat initialized with port 8080 (http)
2026-05-30T12:18:10.603+07:00  INFO 20884 --- [trashformer] [  restartedMain] o.apache.catalina.core.StandardService   : Starting service [Tomcat]
2026-05-30T12:18:10.604+07:00  INFO 20884 --- [trashformer] [  restartedMain] o.apache.catalina.core.StandardEngine    : Starting Servlet engine: [Apache Tomcat/10.1.31]
2026-05-30T12:18:10.646+07:00  INFO 20884 --- [trashformer] [  restartedMain] o.a.c.c.C.[Tomcat-4].[localhost].[/]     : Initializing Spring embedded WebApplicationContext
2026-05-30T12:18:10.647+07:00  INFO 20884 --- [trashformer] [  restartedMain] w.s.c.ServletWebServerApplicationContext : Root WebApplicationContext: initialization completed in 802 ms
2026-05-30T12:18:10.801+07:00  INFO 20884 --- [trashformer] [  restartedMain] o.hibernate.jpa.internal.util.LogHelper  : HHH000204: Processing PersistenceUnitInfo [name: default]
2026-05-30T12:18:10.813+07:00  INFO 20884 --- [trashformer] [  restartedMain] o.h.c.internal.RegionFactoryInitiator    : HHH000026: Second-level cache disabled
2026-05-30T12:18:10.841+07:00  INFO 20884 --- [trashformer] [  restartedMain] o.s.o.j.p.SpringPersistenceUnitInfo      : No LoadTimeWeaver setup: ignoring JPA class transformer
2026-05-30T12:18:10.843+07:00  INFO 20884 --- [trashformer] [  restartedMain] com.zaxxer.hikari.HikariDataSource       : HikariPool-24 - Starting...
2026-05-30T12:18:10.850+07:00  INFO 20884 --- [trashformer] [  restartedMain] com.zaxxer.hikari.pool.HikariPool        : HikariPool-24 - Added connection com.mysql.cj.jdbc.ConnectionImpl@1c44b57e
2026-05-30T12:18:10.851+07:00  INFO 20884 --- [trashformer] [  restartedMain] com.zaxxer.hikari.HikariDataSource       : HikariPool-24 - Start completed.
2026-05-30T12:18:10.854+07:00  WARN 20884 --- [trashformer] [  restartedMain] org.hibernate.dialect.Dialect            : HHH000511: The 5.5.5 version for [org.hibernate.dialect.MySQLDialect] is no longer supported, hence certain features may not work properly. The minimum supported version is 8.0.0. Check the community dialects project for available legacy versions.
2026-05-30T12:18:10.855+07:00  WARN 20884 --- [trashformer] [  restartedMain] org.hibernate.orm.deprecation            : HHH90000025: MySQLDialect does not need to be specified explicitly using 'hibernate.dialect' (remove the property setting and it will be selected by default)
2026-05-30T12:18:11.414+07:00  INFO 20884 --- [trashformer] [  restartedMain] o.h.e.t.j.p.i.JtaPlatformInitiator       : HHH000489: No JTA platform available (set 'hibernate.transaction.jta.platform' to enable JTA platform integration)
2026-05-30T12:18:11.569+07:00  INFO 20884 --- [trashformer] [  restartedMain] j.LocalContainerEntityManagerFactoryBean : Initialized JPA EntityManagerFactory for persistence unit 'default'
2026-05-30T12:18:12.198+07:00  WARN 20884 --- [trashformer] [  restartedMain] JpaBaseConfiguration$JpaWebConfiguration : spring.jpa.open-in-view is enabled by default. Therefore, database queries may be performed during view rendering. Explicitly configure spring.jpa.open-in-view to disable this warning
2026-05-30T12:18:12.238+07:00  INFO 20884 --- [trashformer] [  restartedMain] r$InitializeUserDetailsManagerConfigurer : Global AuthenticationManager configured with UserDetailsService bean with name customUserDetailsService
2026-05-30T12:18:12.610+07:00  INFO 20884 --- [trashformer] [  restartedMain] o.s.b.d.a.OptionalLiveReloadServer       : LiveReload server is running on port 35729
2026-05-30T12:18:12.631+07:00  INFO 20884 --- [trashformer] [  restartedMain] o.s.b.w.embedded.tomcat.TomcatWebServer  : Tomcat started on port 8080 (http) with context path '/'
2026-05-30T12:18:12.637+07:00  INFO 20884 --- [trashformer] [  restartedMain] com.example.TrashformerApplication       : Started TrashformerApplication in 2.85 seconds (process running for 1364.245)
2026-05-30T12:18:12.642+07:00  INFO 20884 --- [trashformer] [  restartedMain] .ConditionEvaluationDeltaLoggingListener : Condition evaluation delta:


==========================
CONDITION EVALUATION DELTA
==========================


Positive matches:
-----------------

    None


Negative matches:
-----------------

   SpringBootWebSecurityConfiguration.SecurityFilterChainConfiguration:
      Did not match:
         - AllNestedConditions 1 matched 1 did not; NestedCondition on DefaultWebSecurityCondition.Beans @ConditionalOnMissingBean (types: org.springframework.security.web.SecurityFilterChain; SearchStrategy: all) found beans of type 'org.springframework.security.web.SecurityFilterChain' securityFilterChain; NestedCondition on DefaultWebSecurityCondition.Classes @ConditionalOnClass found required classes 'org.springframework.security.web.SecurityFilterChain', 'org.springframework.security.config.annotation.web.builders.HttpSecurity' (DefaultWebSecurityCondition)

   UserDetailsServiceAutoConfiguration:
      Did not match:
         - @ConditionalOnMissingBean (types: org.springframework.security.authentication.AuthenticationManager,org.springframework.security.authentication.AuthenticationProvider,org.springframework.security.core.userdetails.UserDetailsService,org.springframework.security.authentication.AuthenticationManagerResolver,org.springframework.security.oauth2.jwt.JwtDecoder; SearchStrategy: all) found beans of type 'org.springframework.security.core.userdetails.UserDetailsService' customUserDetailsService (OnBeanCondition)
      Matched:
         - @ConditionalOnClass found required class 'org.springframework.security.authentication.AuthenticationManager' (OnClassCondition)
         - AnyNestedCondition 1 matched 2 did not; NestedCondition on UserDetailsServiceAutoConfiguration.MissingAlternativeOrUserPropertiesConfigured.PasswordConfigured @ConditionalOnProperty (spring.security.user.password) did not find property 'password'; NestedCondition on UserDetailsServiceAutoConfiguration.MissingAlternativeOrUserPropertiesConfigured.NameConfigured @ConditionalOnProperty (spring.security.user.name) did not find property 'name'; NestedCondition on UserDetailsServiceAutoConfiguration.MissingAlternativeOrUserPropertiesConfigured.MissingAlternative @ConditionalOnMissingClass did not find unwanted classes 'org.springframework.security.oauth2.client.registration.ClientRegistrationRepository', 'org.springframework.security.oauth2.server.resource.introspection.OpaqueTokenIntrospector', 'org.springframework.security.saml2.provider.service.registration.RelyingPartyRegistrationRepository' (UserDetailsServiceAutoConfiguration.MissingAlternativeOrUserPropertiesConfigured)


Exclusions:
-----------

    None


Unconditional classes:
----------------------

    None



[INFO] ------------------------------------------------------------------------
[INFO] BUILD FAILURE
[INFO] ------------------------------------------------------------------------
[INFO] Total time:  24:42 min
[INFO] Finished at: 2026-05-30T12:20:02+07:00
[INFO] ------------------------------------------------------------------------
[ERROR] Failed to execute goal org.springframework.boot:spring-boot-maven-plugin:3.3.5:run (default-cli) on project trashformer: Process terminated with exit code: -1 -> [Help 1]
[ERROR] 
[ERROR] To see the full stack trace of the errors, re-run Maven with the -e switch.
[ERROR] Re-run Maven using the -X switch to enable full debug logging.
[ERROR] 
[ERROR] For more information about the errors and possible solutions, please read the following articles:
[ERROR] [Help 1] http://cwiki.apache.org/confluence/display/MAVEN/MojoExecutionException
